analysis,layer,complexity,workers,comparison,speedup
dc,end_to_end,21,1,official_ng_vs_hspice_ind,5.591043951199506
dc,end_to_end,21,1,ng_reuse_vs_hspice_alter,2.5045120666290783
dc,end_to_end,21,1,optimized_vs_official,1.0013336400174668
dc,end_to_end,21,1,reuse_vs_optimized,0.8458777117477728
dc,end_to_end,101,1,official_ng_vs_hspice_ind,9.105082890486624
dc,end_to_end,101,1,ng_reuse_vs_hspice_alter,1.984334059555113
dc,end_to_end,101,1,optimized_vs_official,0.9996235732746686
dc,end_to_end,101,1,reuse_vs_optimized,0.42115111126437754
dc,end_to_end,21,2,official_ng_vs_hspice_ind,5.586120499094221
dc,end_to_end,21,2,ng_reuse_vs_hspice_alter,2.2884323239229856
dc,end_to_end,21,2,optimized_vs_official,0.9992428746643653
dc,end_to_end,21,2,reuse_vs_optimized,0.8586179879083987
dc,end_to_end,101,2,official_ng_vs_hspice_ind,9.06990876178136
dc,end_to_end,101,2,ng_reuse_vs_hspice_alter,1.869919167764048
dc,end_to_end,101,2,optimized_vs_official,0.997511941115865
dc,end_to_end,101,2,reuse_vs_optimized,0.42534389797313554
dc,end_to_end,21,4,official_ng_vs_hspice_ind,5.471138730859721
dc,end_to_end,21,4,ng_reuse_vs_hspice_alter,2.168417337004343
dc,end_to_end,21,4,optimized_vs_official,0.9987067631985724
dc,end_to_end,21,4,reuse_vs_optimized,0.8831691576193152
dc,end_to_end,101,4,official_ng_vs_hspice_ind,8.896268737355546
dc,end_to_end,101,4,ng_reuse_vs_hspice_alter,1.8057102930209574
dc,end_to_end,101,4,optimized_vs_official,0.9965155765569174
dc,end_to_end,101,4,reuse_vs_optimized,0.43465868032594607
dc,end_to_end,21,8,official_ng_vs_hspice_ind,5.488882636298606
dc,end_to_end,21,8,ng_reuse_vs_hspice_alter,2.1469308685856676
dc,end_to_end,21,8,optimized_vs_official,1.0198667295299446
dc,end_to_end,21,8,reuse_vs_optimized,0.8753031917822172
dc,end_to_end,101,8,official_ng_vs_hspice_ind,8.78620114143306
dc,end_to_end,101,8,ng_reuse_vs_hspice_alter,1.8018114309924596
dc,end_to_end,101,8,optimized_vs_official,1.0108019853051107
dc,end_to_end,101,8,reuse_vs_optimized,0.4405475177464129
dc,end_to_end,21,16,official_ng_vs_hspice_ind,5.18710877440603
dc,end_to_end,21,16,ng_reuse_vs_hspice_alter,2.10630211477806
dc,end_to_end,21,16,optimized_vs_official,1.0131304096901361
dc,end_to_end,21,16,reuse_vs_optimized,0.8908880935289669
dc,end_to_end,101,16,official_ng_vs_hspice_ind,8.53068605153474
dc,end_to_end,101,16,ng_reuse_vs_hspice_alter,1.7820917327523327
dc,end_to_end,101,16,optimized_vs_official,1.0034255500078197
dc,end_to_end,101,16,reuse_vs_optimized,0.44690638254853216
dc,end_to_end,21,32,official_ng_vs_hspice_ind,4.73872597692454
dc,end_to_end,21,32,ng_reuse_vs_hspice_alter,2.0322579141928974
dc,end_to_end,21,32,optimized_vs_official,0.9831282903006214
dc,end_to_end,21,32,reuse_vs_optimized,0.9242574718832429
dc,end_to_end,101,32,official_ng_vs_hspice_ind,7.572756266379976
dc,end_to_end,101,32,ng_reuse_vs_hspice_alter,1.691601532612759
dc,end_to_end,101,32,optimized_vs_official,0.9856450108448658
dc,end_to_end,101,32,reuse_vs_optimized,0.47144693240142704
dc,end_to_end,21,64,official_ng_vs_hspice_ind,2.7931692570892506
dc,end_to_end,21,64,ng_reuse_vs_hspice_alter,1.7054853970516353
dc,end_to_end,21,64,optimized_vs_official,0.9848387264597431
dc,end_to_end,21,64,reuse_vs_optimized,1.2143590411413927
dc,end_to_end,101,64,official_ng_vs_hspice_ind,4.576270911950749
dc,end_to_end,101,64,ng_reuse_vs_hspice_alter,1.398613350199776
dc,end_to_end,101,64,optimized_vs_official,0.9655791792425373
dc,end_to_end,101,64,reuse_vs_optimized,0.6270294570413195
dc,end_to_end,21,128,official_ng_vs_hspice_ind,1.7955016716093053
dc,end_to_end,21,128,ng_reuse_vs_hspice_alter,8.324131857128247
dc,end_to_end,21,128,optimized_vs_official,0.9641635964170003
dc,end_to_end,21,128,reuse_vs_optimized,1.2079187101150421
dc,end_to_end,101,128,official_ng_vs_hspice_ind,45.64110867846216
dc,end_to_end,101,128,ng_reuse_vs_hspice_alter,5.591806196303315
dc,end_to_end,101,128,optimized_vs_official,0.9910397773328032
dc,end_to_end,101,128,reuse_vs_optimized,0.7727259836954342
dc,end_to_end,21,192,ng_reuse_vs_hspice_alter,7.01922631278259
dc,end_to_end,21,192,optimized_vs_official,0.9659709048857864
dc,end_to_end,21,192,reuse_vs_optimized,0.9658269560337429
dc,end_to_end,101,192,official_ng_vs_hspice_ind,37.483390637887794
dc,end_to_end,101,192,ng_reuse_vs_hspice_alter,4.262018387514169
dc,end_to_end,101,192,optimized_vs_official,1.028136162857858
dc,end_to_end,101,192,reuse_vs_optimized,0.5634780582183179
dc,end_to_end,21,256,official_ng_vs_hspice_ind,2.2015261087543703
dc,end_to_end,21,256,ng_reuse_vs_hspice_alter,11.174190202944535
dc,end_to_end,21,256,optimized_vs_official,0.9881749476834812
dc,end_to_end,21,256,reuse_vs_optimized,0.7750371470639816
dc,end_to_end,101,256,official_ng_vs_hspice_ind,47.65168171051764
dc,end_to_end,101,256,ng_reuse_vs_hspice_alter,6.862877648722388
dc,end_to_end,101,256,optimized_vs_official,1.005839080735324
dc,end_to_end,101,256,reuse_vs_optimized,0.48225702846999763
dc,end_to_end,21,1,official_ng_vs_hspice_ind,5.591043951199506
dc,end_to_end,21,1,ng_reuse_vs_hspice_alter,2.5045120666290783
dc,end_to_end,21,1,optimized_vs_official,1.0013336400174668
dc,end_to_end,21,1,reuse_vs_optimized,0.8458777117477728
dc,end_to_end,101,1,official_ng_vs_hspice_ind,9.105082890486624
dc,end_to_end,101,1,ng_reuse_vs_hspice_alter,1.984334059555113
dc,end_to_end,101,1,optimized_vs_official,0.9996235732746686
dc,end_to_end,101,1,reuse_vs_optimized,0.42115111126437754
dc,end_to_end,21,2,official_ng_vs_hspice_ind,5.586120499094221
dc,end_to_end,21,2,ng_reuse_vs_hspice_alter,2.2884323239229856
dc,end_to_end,21,2,optimized_vs_official,0.9992428746643653
dc,end_to_end,21,2,reuse_vs_optimized,0.8586179879083987
dc,end_to_end,101,2,official_ng_vs_hspice_ind,9.06990876178136
dc,end_to_end,101,2,ng_reuse_vs_hspice_alter,1.869919167764048
dc,end_to_end,101,2,optimized_vs_official,0.997511941115865
dc,end_to_end,101,2,reuse_vs_optimized,0.42534389797313554
dc,end_to_end,21,4,official_ng_vs_hspice_ind,5.471138730859721
dc,end_to_end,21,4,ng_reuse_vs_hspice_alter,2.168417337004343
dc,end_to_end,21,4,optimized_vs_official,0.9987067631985724
dc,end_to_end,21,4,reuse_vs_optimized,0.8831691576193152
dc,end_to_end,101,4,official_ng_vs_hspice_ind,8.896268737355546
dc,end_to_end,101,4,ng_reuse_vs_hspice_alter,1.8057102930209574
dc,end_to_end,101,4,optimized_vs_official,0.9965155765569174
dc,end_to_end,101,4,reuse_vs_optimized,0.43465868032594607
dc,end_to_end,21,8,official_ng_vs_hspice_ind,5.488882636298606
dc,end_to_end,21,8,ng_reuse_vs_hspice_alter,2.1469308685856676
dc,end_to_end,21,8,optimized_vs_official,1.0198667295299446
dc,end_to_end,21,8,reuse_vs_optimized,0.8753031917822172
dc,end_to_end,101,8,official_ng_vs_hspice_ind,8.78620114143306
dc,end_to_end,101,8,ng_reuse_vs_hspice_alter,1.8018114309924596
dc,end_to_end,101,8,optimized_vs_official,1.0108019853051107
dc,end_to_end,101,8,reuse_vs_optimized,0.4405475177464129
dc,end_to_end,21,16,official_ng_vs_hspice_ind,5.18710877440603
dc,end_to_end,21,16,ng_reuse_vs_hspice_alter,2.10630211477806
dc,end_to_end,21,16,optimized_vs_official,1.0131304096901361
dc,end_to_end,21,16,reuse_vs_optimized,0.8908880935289669
dc,end_to_end,101,16,official_ng_vs_hspice_ind,8.53068605153474
dc,end_to_end,101,16,ng_reuse_vs_hspice_alter,1.7820917327523327
dc,end_to_end,101,16,optimized_vs_official,1.0034255500078197
dc,end_to_end,101,16,reuse_vs_optimized,0.44690638254853216
dc,end_to_end,21,32,official_ng_vs_hspice_ind,4.73872597692454
dc,end_to_end,21,32,ng_reuse_vs_hspice_alter,2.0322579141928974
dc,end_to_end,21,32,optimized_vs_official,0.9831282903006214
dc,end_to_end,21,32,reuse_vs_optimized,0.9242574718832429
dc,end_to_end,101,32,official_ng_vs_hspice_ind,7.572756266379976
dc,end_to_end,101,32,ng_reuse_vs_hspice_alter,1.691601532612759
dc,end_to_end,101,32,optimized_vs_official,0.9856450108448658
dc,end_to_end,101,32,reuse_vs_optimized,0.47144693240142704
dc,end_to_end,21,64,official_ng_vs_hspice_ind,2.7931692570892506
dc,end_to_end,21,64,ng_reuse_vs_hspice_alter,1.7054853970516353
dc,end_to_end,21,64,optimized_vs_official,0.9848387264597431
dc,end_to_end,21,64,reuse_vs_optimized,1.2143590411413927
dc,end_to_end,101,64,official_ng_vs_hspice_ind,4.576270911950749
dc,end_to_end,101,64,ng_reuse_vs_hspice_alter,1.398613350199776
dc,end_to_end,101,64,optimized_vs_official,0.9655791792425373
dc,end_to_end,101,64,reuse_vs_optimized,0.6270294570413195
dc,end_to_end,21,128,official_ng_vs_hspice_ind,1.7955016716093053
dc,end_to_end,21,128,ng_reuse_vs_hspice_alter,8.324131857128247
dc,end_to_end,21,128,optimized_vs_official,0.9641635964170003
dc,end_to_end,21,128,reuse_vs_optimized,1.2079187101150421
dc,end_to_end,101,128,official_ng_vs_hspice_ind,45.64110867846216
dc,end_to_end,101,128,ng_reuse_vs_hspice_alter,5.591806196303315
dc,end_to_end,101,128,optimized_vs_official,0.9910397773328032
dc,end_to_end,101,128,reuse_vs_optimized,0.7727259836954342
dc,end_to_end,101,192,official_ng_vs_hspice_ind,37.483390637887794
dc,end_to_end,101,192,ng_reuse_vs_hspice_alter,4.262018387514169
dc,end_to_end,101,192,optimized_vs_official,1.028136162857858
dc,end_to_end,101,192,reuse_vs_optimized,0.5634780582183179
dc,end_to_end,21,256,official_ng_vs_hspice_ind,2.2015261087543703
dc,end_to_end,21,256,ng_reuse_vs_hspice_alter,11.174190202944535
dc,end_to_end,21,256,optimized_vs_official,0.9881749476834812
dc,end_to_end,21,256,reuse_vs_optimized,0.7750371470639816
dc,end_to_end,101,256,official_ng_vs_hspice_ind,47.65168171051764
dc,end_to_end,101,256,ng_reuse_vs_hspice_alter,6.862877648722388
dc,end_to_end,101,256,optimized_vs_official,1.005839080735324
dc,end_to_end,101,256,reuse_vs_optimized,0.48225702846999763
dc,end_to_end,21,1,official_ng_vs_hspice_ind,5.591043951199506
dc,end_to_end,21,1,ng_reuse_vs_hspice_alter,2.5045120666290783
dc,end_to_end,21,1,optimized_vs_official,1.0013336400174668
dc,end_to_end,21,1,reuse_vs_optimized,0.8458777117477728
dc,end_to_end,101,1,official_ng_vs_hspice_ind,9.105082890486624
dc,end_to_end,101,1,ng_reuse_vs_hspice_alter,1.984334059555113
dc,end_to_end,101,1,optimized_vs_official,0.9996235732746686
dc,end_to_end,101,1,reuse_vs_optimized,0.42115111126437754
dc,end_to_end,21,2,official_ng_vs_hspice_ind,5.586120499094221
dc,end_to_end,21,2,ng_reuse_vs_hspice_alter,2.2884323239229856
dc,end_to_end,21,2,optimized_vs_official,0.9992428746643653
dc,end_to_end,21,2,reuse_vs_optimized,0.8586179879083987
dc,end_to_end,101,2,official_ng_vs_hspice_ind,9.06990876178136
dc,end_to_end,101,2,ng_reuse_vs_hspice_alter,1.869919167764048
dc,end_to_end,101,2,optimized_vs_official,0.997511941115865
dc,end_to_end,101,2,reuse_vs_optimized,0.42534389797313554
dc,end_to_end,21,4,official_ng_vs_hspice_ind,5.471138730859721
dc,end_to_end,21,4,ng_reuse_vs_hspice_alter,2.168417337004343
dc,end_to_end,21,4,optimized_vs_official,0.9987067631985724
dc,end_to_end,21,4,reuse_vs_optimized,0.8831691576193152
dc,end_to_end,101,4,official_ng_vs_hspice_ind,8.896268737355546
dc,end_to_end,101,4,ng_reuse_vs_hspice_alter,1.8057102930209574
dc,end_to_end,101,4,optimized_vs_official,0.9965155765569174
dc,end_to_end,101,4,reuse_vs_optimized,0.43465868032594607
dc,end_to_end,21,8,official_ng_vs_hspice_ind,5.488882636298606
dc,end_to_end,21,8,ng_reuse_vs_hspice_alter,2.1469308685856676
dc,end_to_end,21,8,optimized_vs_official,1.0198667295299446
dc,end_to_end,21,8,reuse_vs_optimized,0.8753031917822172
dc,end_to_end,101,8,official_ng_vs_hspice_ind,8.78620114143306
dc,end_to_end,101,8,ng_reuse_vs_hspice_alter,1.8018114309924596
dc,end_to_end,101,8,optimized_vs_official,1.0108019853051107
dc,end_to_end,101,8,reuse_vs_optimized,0.4405475177464129
dc,end_to_end,21,16,official_ng_vs_hspice_ind,5.18710877440603
dc,end_to_end,21,16,ng_reuse_vs_hspice_alter,2.10630211477806
dc,end_to_end,21,16,optimized_vs_official,1.0131304096901361
dc,end_to_end,21,16,reuse_vs_optimized,0.8908880935289669
dc,end_to_end,101,16,official_ng_vs_hspice_ind,8.53068605153474
dc,end_to_end,101,16,ng_reuse_vs_hspice_alter,1.7820917327523327
dc,end_to_end,101,16,optimized_vs_official,1.0034255500078197
dc,end_to_end,101,16,reuse_vs_optimized,0.44690638254853216
dc,end_to_end,21,32,official_ng_vs_hspice_ind,4.73872597692454
dc,end_to_end,21,32,ng_reuse_vs_hspice_alter,2.0322579141928974
dc,end_to_end,21,32,optimized_vs_official,0.9831282903006214
dc,end_to_end,21,32,reuse_vs_optimized,0.9242574718832429
dc,end_to_end,101,32,official_ng_vs_hspice_ind,7.572756266379976
dc,end_to_end,101,32,ng_reuse_vs_hspice_alter,1.691601532612759
dc,end_to_end,101,32,optimized_vs_official,0.9856450108448658
dc,end_to_end,101,32,reuse_vs_optimized,0.47144693240142704
dc,end_to_end,21,64,official_ng_vs_hspice_ind,2.7931692570892506
dc,end_to_end,21,64,ng_reuse_vs_hspice_alter,1.7054853970516353
dc,end_to_end,21,64,optimized_vs_official,0.9848387264597431
dc,end_to_end,21,64,reuse_vs_optimized,1.2143590411413927
dc,end_to_end,101,64,official_ng_vs_hspice_ind,4.576270911950749
dc,end_to_end,101,64,ng_reuse_vs_hspice_alter,1.398613350199776
dc,end_to_end,101,64,optimized_vs_official,0.9655791792425373
dc,end_to_end,101,64,reuse_vs_optimized,0.6270294570413195
dc,end_to_end,21,128,official_ng_vs_hspice_ind,1.7955016716093053
dc,end_to_end,21,128,ng_reuse_vs_hspice_alter,8.324131857128247
dc,end_to_end,21,128,optimized_vs_official,0.9641635964170003
dc,end_to_end,21,128,reuse_vs_optimized,1.2079187101150421
dc,end_to_end,101,128,official_ng_vs_hspice_ind,45.64110867846216
dc,end_to_end,101,128,ng_reuse_vs_hspice_alter,5.591806196303315
dc,end_to_end,101,128,optimized_vs_official,0.9910397773328032
dc,end_to_end,101,128,reuse_vs_optimized,0.7727259836954342
dc,end_to_end,21,192,ng_reuse_vs_hspice_alter,7.01922631278259
dc,end_to_end,21,192,optimized_vs_official,0.9659709048857864
dc,end_to_end,21,192,reuse_vs_optimized,0.9658269560337429
dc,end_to_end,101,192,official_ng_vs_hspice_ind,37.483390637887794
dc,end_to_end,101,192,ng_reuse_vs_hspice_alter,4.262018387514169
dc,end_to_end,101,192,optimized_vs_official,1.028136162857858
dc,end_to_end,101,192,reuse_vs_optimized,0.5634780582183179
dc,end_to_end,21,256,official_ng_vs_hspice_ind,2.2015261087543703
dc,end_to_end,21,256,ng_reuse_vs_hspice_alter,11.174190202944535
dc,end_to_end,21,256,optimized_vs_official,0.9881749476834812
dc,end_to_end,21,256,reuse_vs_optimized,0.7750371470639816
dc,end_to_end,101,256,official_ng_vs_hspice_ind,47.65168171051764
dc,end_to_end,101,256,ng_reuse_vs_hspice_alter,6.862877648722388
dc,end_to_end,101,256,optimized_vs_official,1.005839080735324
dc,end_to_end,101,256,reuse_vs_optimized,0.48225702846999763
dc,end_to_end,21,1,official_ng_vs_hspice_ind,5.591043951199506
dc,end_to_end,21,1,ng_reuse_vs_hspice_alter,2.5045120666290783
dc,end_to_end,21,1,optimized_vs_official,1.0013336400174668
dc,end_to_end,21,1,reuse_vs_optimized,0.8458777117477728
dc,end_to_end,101,1,official_ng_vs_hspice_ind,9.105082890486624
dc,end_to_end,101,1,ng_reuse_vs_hspice_alter,1.984334059555113
dc,end_to_end,101,1,optimized_vs_official,0.9996235732746686
dc,end_to_end,101,1,reuse_vs_optimized,0.42115111126437754
dc,end_to_end,21,2,official_ng_vs_hspice_ind,5.586120499094221
dc,end_to_end,21,2,ng_reuse_vs_hspice_alter,2.2884323239229856
dc,end_to_end,21,2,optimized_vs_official,0.9992428746643653
dc,end_to_end,21,2,reuse_vs_optimized,0.8586179879083987
dc,end_to_end,101,2,official_ng_vs_hspice_ind,9.06990876178136
dc,end_to_end,101,2,ng_reuse_vs_hspice_alter,1.869919167764048
dc,end_to_end,101,2,optimized_vs_official,0.997511941115865
dc,end_to_end,101,2,reuse_vs_optimized,0.42534389797313554
dc,end_to_end,21,4,official_ng_vs_hspice_ind,5.471138730859721
dc,end_to_end,21,4,ng_reuse_vs_hspice_alter,2.168417337004343
dc,end_to_end,21,4,optimized_vs_official,0.9987067631985724
dc,end_to_end,21,4,reuse_vs_optimized,0.8831691576193152
dc,end_to_end,101,4,official_ng_vs_hspice_ind,8.896268737355546
dc,end_to_end,101,4,ng_reuse_vs_hspice_alter,1.8057102930209574
dc,end_to_end,101,4,optimized_vs_official,0.9965155765569174
dc,end_to_end,101,4,reuse_vs_optimized,0.43465868032594607
dc,end_to_end,21,8,official_ng_vs_hspice_ind,5.488882636298606
dc,end_to_end,21,8,ng_reuse_vs_hspice_alter,2.1469308685856676
dc,end_to_end,21,8,optimized_vs_official,1.0198667295299446
dc,end_to_end,21,8,reuse_vs_optimized,0.8753031917822172
dc,end_to_end,101,8,official_ng_vs_hspice_ind,8.78620114143306
dc,end_to_end,101,8,ng_reuse_vs_hspice_alter,1.8018114309924596
dc,end_to_end,101,8,optimized_vs_official,1.0108019853051107
dc,end_to_end,101,8,reuse_vs_optimized,0.4405475177464129
dc,end_to_end,21,16,official_ng_vs_hspice_ind,5.18710877440603
dc,end_to_end,21,16,ng_reuse_vs_hspice_alter,2.10630211477806
dc,end_to_end,21,16,optimized_vs_official,1.0131304096901361
dc,end_to_end,21,16,reuse_vs_optimized,0.8908880935289669
dc,end_to_end,101,16,official_ng_vs_hspice_ind,8.53068605153474
dc,end_to_end,101,16,ng_reuse_vs_hspice_alter,1.7820917327523327
dc,end_to_end,101,16,optimized_vs_official,1.0034255500078197
dc,end_to_end,101,16,reuse_vs_optimized,0.44690638254853216
dc,end_to_end,21,32,official_ng_vs_hspice_ind,4.73872597692454
dc,end_to_end,21,32,ng_reuse_vs_hspice_alter,2.0322579141928974
dc,end_to_end,21,32,optimized_vs_official,0.9831282903006214
dc,end_to_end,21,32,reuse_vs_optimized,0.9242574718832429
dc,end_to_end,101,32,official_ng_vs_hspice_ind,7.572756266379976
dc,end_to_end,101,32,ng_reuse_vs_hspice_alter,1.691601532612759
dc,end_to_end,101,32,optimized_vs_official,0.9856450108448658
dc,end_to_end,101,32,reuse_vs_optimized,0.47144693240142704
dc,end_to_end,21,64,official_ng_vs_hspice_ind,2.7931692570892506
dc,end_to_end,21,64,ng_reuse_vs_hspice_alter,1.7054853970516353
dc,end_to_end,21,64,optimized_vs_official,0.9848387264597431
dc,end_to_end,21,64,reuse_vs_optimized,1.2143590411413927
dc,end_to_end,101,64,official_ng_vs_hspice_ind,4.576270911950749
dc,end_to_end,101,64,ng_reuse_vs_hspice_alter,1.398613350199776
dc,end_to_end,101,64,optimized_vs_official,0.9655791792425373
dc,end_to_end,101,64,reuse_vs_optimized,0.6270294570413195
dc,end_to_end,21,128,official_ng_vs_hspice_ind,1.7955016716093053
dc,end_to_end,21,128,ng_reuse_vs_hspice_alter,8.324131857128247
dc,end_to_end,21,128,optimized_vs_official,0.9641635964170003
dc,end_to_end,21,128,reuse_vs_optimized,1.2079187101150421
dc,end_to_end,101,128,official_ng_vs_hspice_ind,45.64110867846216
dc,end_to_end,101,128,ng_reuse_vs_hspice_alter,5.591806196303315
dc,end_to_end,101,128,optimized_vs_official,0.9910397773328032
dc,end_to_end,101,128,reuse_vs_optimized,0.7727259836954342
dc,end_to_end,21,192,ng_reuse_vs_hspice_alter,7.01922631278259
dc,end_to_end,21,192,optimized_vs_official,0.9659709048857864
dc,end_to_end,21,192,reuse_vs_optimized,0.9658269560337429
dc,end_to_end,101,192,official_ng_vs_hspice_ind,37.483390637887794
dc,end_to_end,101,192,ng_reuse_vs_hspice_alter,4.262018387514169
dc,end_to_end,101,192,optimized_vs_official,1.028136162857858
dc,end_to_end,101,192,reuse_vs_optimized,0.5634780582183179
dc,end_to_end,21,256,official_ng_vs_hspice_ind,2.2015261087543703
dc,end_to_end,21,256,ng_reuse_vs_hspice_alter,11.174190202944535
dc,end_to_end,21,256,optimized_vs_official,0.9881749476834812
dc,end_to_end,21,256,reuse_vs_optimized,0.7750371470639816
dc,end_to_end,101,256,official_ng_vs_hspice_ind,47.65168171051764
dc,end_to_end,101,256,ng_reuse_vs_hspice_alter,6.862877648722388
dc,end_to_end,101,256,optimized_vs_official,1.005839080735324
dc,end_to_end,101,256,reuse_vs_optimized,0.48225702846999763
dc,end_to_end,21,1,official_ng_vs_hspice_ind,5.591043951199506
dc,end_to_end,21,1,ng_reuse_vs_hspice_alter,2.5045120666290783
dc,end_to_end,21,1,optimized_vs_official,1.0013336400174668
dc,end_to_end,21,1,reuse_vs_optimized,0.8458777117477728
dc,end_to_end,101,1,official_ng_vs_hspice_ind,9.105082890486624
dc,end_to_end,101,1,ng_reuse_vs_hspice_alter,1.984334059555113
dc,end_to_end,101,1,optimized_vs_official,0.9996235732746686
dc,end_to_end,101,1,reuse_vs_optimized,0.42115111126437754
dc,end_to_end,21,2,official_ng_vs_hspice_ind,5.586120499094221
dc,end_to_end,21,2,ng_reuse_vs_hspice_alter,2.2884323239229856
dc,end_to_end,21,2,optimized_vs_official,0.9992428746643653
dc,end_to_end,21,2,reuse_vs_optimized,0.8586179879083987
dc,end_to_end,101,2,official_ng_vs_hspice_ind,9.06990876178136
dc,end_to_end,101,2,ng_reuse_vs_hspice_alter,1.869919167764048
dc,end_to_end,101,2,optimized_vs_official,0.997511941115865
dc,end_to_end,101,2,reuse_vs_optimized,0.42534389797313554
dc,end_to_end,21,4,official_ng_vs_hspice_ind,5.471138730859721
dc,end_to_end,21,4,ng_reuse_vs_hspice_alter,2.168417337004343
dc,end_to_end,21,4,optimized_vs_official,0.9987067631985724
dc,end_to_end,21,4,reuse_vs_optimized,0.8831691576193152
dc,end_to_end,101,4,official_ng_vs_hspice_ind,8.896268737355546
dc,end_to_end,101,4,ng_reuse_vs_hspice_alter,1.8057102930209574
dc,end_to_end,101,4,optimized_vs_official,0.9965155765569174
dc,end_to_end,101,4,reuse_vs_optimized,0.43465868032594607
dc,end_to_end,21,8,official_ng_vs_hspice_ind,5.488882636298606
dc,end_to_end,21,8,ng_reuse_vs_hspice_alter,2.1469308685856676
dc,end_to_end,21,8,optimized_vs_official,1.0198667295299446
dc,end_to_end,21,8,reuse_vs_optimized,0.8753031917822172
dc,end_to_end,101,8,official_ng_vs_hspice_ind,8.78620114143306
dc,end_to_end,101,8,ng_reuse_vs_hspice_alter,1.8018114309924596
dc,end_to_end,101,8,optimized_vs_official,1.0108019853051107
dc,end_to_end,101,8,reuse_vs_optimized,0.4405475177464129
dc,end_to_end,21,16,official_ng_vs_hspice_ind,5.18710877440603
dc,end_to_end,21,16,ng_reuse_vs_hspice_alter,2.10630211477806
dc,end_to_end,21,16,optimized_vs_official,1.0131304096901361
dc,end_to_end,21,16,reuse_vs_optimized,0.8908880935289669
dc,end_to_end,101,16,official_ng_vs_hspice_ind,8.53068605153474
dc,end_to_end,101,16,ng_reuse_vs_hspice_alter,1.7820917327523327
dc,end_to_end,101,16,optimized_vs_official,1.0034255500078197
dc,end_to_end,101,16,reuse_vs_optimized,0.44690638254853216
dc,end_to_end,21,32,official_ng_vs_hspice_ind,4.73872597692454
dc,end_to_end,21,32,ng_reuse_vs_hspice_alter,2.0322579141928974
dc,end_to_end,21,32,optimized_vs_official,0.9831282903006214
dc,end_to_end,21,32,reuse_vs_optimized,0.9242574718832429
dc,end_to_end,101,32,official_ng_vs_hspice_ind,7.572756266379976
dc,end_to_end,101,32,ng_reuse_vs_hspice_alter,1.691601532612759
dc,end_to_end,101,32,optimized_vs_official,0.9856450108448658
dc,end_to_end,101,32,reuse_vs_optimized,0.47144693240142704
dc,end_to_end,21,64,official_ng_vs_hspice_ind,2.7931692570892506
dc,end_to_end,21,64,ng_reuse_vs_hspice_alter,1.7054853970516353
dc,end_to_end,21,64,optimized_vs_official,0.9848387264597431
dc,end_to_end,21,64,reuse_vs_optimized,1.2143590411413927
dc,end_to_end,101,64,official_ng_vs_hspice_ind,4.576270911950749
dc,end_to_end,101,64,ng_reuse_vs_hspice_alter,1.398613350199776
dc,end_to_end,101,64,optimized_vs_official,0.9655791792425373
dc,end_to_end,101,64,reuse_vs_optimized,0.6270294570413195
dc,end_to_end,21,128,official_ng_vs_hspice_ind,1.7955016716093053
dc,end_to_end,21,128,ng_reuse_vs_hspice_alter,8.324131857128247
dc,end_to_end,21,128,optimized_vs_official,0.9641635964170003
dc,end_to_end,21,128,reuse_vs_optimized,1.2079187101150421
dc,end_to_end,101,128,official_ng_vs_hspice_ind,45.64110867846216
dc,end_to_end,101,128,ng_reuse_vs_hspice_alter,5.591806196303315
dc,end_to_end,101,128,optimized_vs_official,0.9910397773328032
dc,end_to_end,101,128,reuse_vs_optimized,0.7727259836954342
dc,end_to_end,21,192,ng_reuse_vs_hspice_alter,7.01922631278259
dc,end_to_end,21,192,optimized_vs_official,0.9659709048857864
dc,end_to_end,21,192,reuse_vs_optimized,0.9658269560337429
dc,end_to_end,101,192,official_ng_vs_hspice_ind,37.483390637887794
dc,end_to_end,101,192,ng_reuse_vs_hspice_alter,4.262018387514169
dc,end_to_end,101,192,optimized_vs_official,1.028136162857858
dc,end_to_end,101,192,reuse_vs_optimized,0.5634780582183179
dc,end_to_end,21,256,official_ng_vs_hspice_ind,2.2015261087543703
dc,end_to_end,21,256,ng_reuse_vs_hspice_alter,11.174190202944535
dc,end_to_end,21,256,optimized_vs_official,0.9881749476834812
dc,end_to_end,21,256,reuse_vs_optimized,0.7750371470639816
dc,end_to_end,101,256,official_ng_vs_hspice_ind,47.65168171051764
dc,end_to_end,101,256,ng_reuse_vs_hspice_alter,6.862877648722388
dc,end_to_end,101,256,optimized_vs_official,1.005839080735324
dc,end_to_end,101,256,reuse_vs_optimized,0.48225702846999763
dc,solver_only,5,1,official_ng_vs_hspice_ind,4.9490689300728405
dc,solver_only,5,1,ng_reuse_vs_hspice_alter,2.891569033108945
dc,solver_only,5,1,optimized_vs_official,1.0025695000857409
dc,solver_only,5,1,reuse_vs_optimized,1.0936496919014334
dc,solver_only,101,1,official_ng_vs_hspice_ind,9.146194709004009
dc,solver_only,101,1,ng_reuse_vs_hspice_alter,1.9748475426101146
dc,solver_only,101,1,optimized_vs_official,0.9996047479632914
dc,solver_only,101,1,reuse_vs_optimized,0.41817102966877034
dc,solver_only,5,2,official_ng_vs_hspice_ind,4.968795896458785
dc,solver_only,5,2,ng_reuse_vs_hspice_alter,2.6086154213321158
dc,solver_only,5,2,optimized_vs_official,1.0016205983583917
dc,solver_only,5,2,reuse_vs_optimized,1.1085057932818856
dc,solver_only,101,2,official_ng_vs_hspice_ind,9.167907885626462
dc,solver_only,101,2,ng_reuse_vs_hspice_alter,1.8705695664432198
dc,solver_only,101,2,optimized_vs_official,0.9999655611280371
dc,solver_only,101,2,reuse_vs_optimized,0.4226371655612743
dc,solver_only,5,4,official_ng_vs_hspice_ind,4.873025691399297
dc,solver_only,5,4,ng_reuse_vs_hspice_alter,2.43014729142951
dc,solver_only,5,4,optimized_vs_official,0.998933645857598
dc,solver_only,5,4,reuse_vs_optimized,1.129404675622845
dc,solver_only,101,4,official_ng_vs_hspice_ind,8.915260741605362
dc,solver_only,101,4,ng_reuse_vs_hspice_alter,1.8144195909835275
dc,solver_only,101,4,optimized_vs_official,1.001067116969467
dc,solver_only,101,4,reuse_vs_optimized,0.4348534364652452
dc,solver_only,5,8,official_ng_vs_hspice_ind,5.034308563176648
dc,solver_only,5,8,ng_reuse_vs_hspice_alter,2.358542892346559
dc,solver_only,5,8,optimized_vs_official,0.9779152395702971
dc,solver_only,5,8,reuse_vs_optimized,1.1268527555143333
dc,solver_only,101,8,official_ng_vs_hspice_ind,8.887859321377745
dc,solver_only,101,8,ng_reuse_vs_hspice_alter,1.6740038425370496
dc,solver_only,101,8,optimized_vs_official,0.9409685664182447
dc,solver_only,101,8,reuse_vs_optimized,0.43920189058083553
dc,solver_only,5,16,official_ng_vs_hspice_ind,4.746757001040938
dc,solver_only,5,16,ng_reuse_vs_hspice_alter,2.363475472407855
dc,solver_only,5,16,optimized_vs_official,1.0103638008949816
dc,solver_only,5,16,reuse_vs_optimized,1.111949881029909
dc,solver_only,101,16,official_ng_vs_hspice_ind,8.539653585090731
dc,solver_only,101,16,ng_reuse_vs_hspice_alter,1.8014862327642864
dc,solver_only,101,16,optimized_vs_official,1.009698579631267
dc,solver_only,101,16,reuse_vs_optimized,0.45093408490099096
dc,solver_only,5,32,official_ng_vs_hspice_ind,4.331403697009996
dc,solver_only,5,32,ng_reuse_vs_hspice_alter,2.2530146526822126
dc,solver_only,5,32,optimized_vs_official,0.9925354518751385
dc,solver_only,5,32,reuse_vs_optimized,1.1118021731085066
dc,solver_only,101,32,official_ng_vs_hspice_ind,7.662297386194674
dc,solver_only,101,32,ng_reuse_vs_hspice_alter,1.7139989787520538
dc,solver_only,101,32,optimized_vs_official,0.993317896769541
dc,solver_only,101,32,reuse_vs_optimized,0.47448694831344584
dc,solver_only,5,64,official_ng_vs_hspice_ind,2.629840800646416
dc,solver_only,5,64,ng_reuse_vs_hspice_alter,1.800555398928586
dc,solver_only,5,64,optimized_vs_official,0.992946806256852
dc,solver_only,5,64,reuse_vs_optimized,1.3791852388135897
dc,solver_only,101,64,official_ng_vs_hspice_ind,4.868452392984942
dc,solver_only,101,64,ng_reuse_vs_hspice_alter,1.6132407862351286
dc,solver_only,101,64,optimized_vs_official,0.9966950129979952
dc,solver_only,101,64,reuse_vs_optimized,0.7112174104464563
dc,solver_only,5,128,official_ng_vs_hspice_ind,1.8624753611189595
dc,solver_only,5,128,ng_reuse_vs_hspice_alter,9.22634781836063
dc,solver_only,5,128,optimized_vs_official,0.9822662312590688
dc,solver_only,5,128,reuse_vs_optimized,1.3227261183635781
dc,solver_only,101,128,official_ng_vs_hspice_ind,46.835274229807794
dc,solver_only,101,128,ng_reuse_vs_hspice_alter,7.133860159717206
dc,solver_only,101,128,optimized_vs_official,0.9647624571534805
dc,solver_only,101,128,reuse_vs_optimized,0.9833998136523208
dc,solver_only,5,192,official_ng_vs_hspice_ind,2.077215617254998
dc,solver_only,5,192,ng_reuse_vs_hspice_alter,7.768738944833745
dc,solver_only,5,192,optimized_vs_official,0.9812667429439201
dc,solver_only,5,192,reuse_vs_optimized,1.0803436391902892
dc,solver_only,101,192,official_ng_vs_hspice_ind,38.65656602287944
dc,solver_only,101,192,ng_reuse_vs_hspice_alter,6.409415834136637
dc,solver_only,101,192,optimized_vs_official,0.9974483934979619
dc,solver_only,101,192,reuse_vs_optimized,0.8539532628280234
dc,solver_only,5,256,official_ng_vs_hspice_ind,2.169546971231991
dc,solver_only,5,256,ng_reuse_vs_hspice_alter,11.428952145924349
dc,solver_only,5,256,optimized_vs_official,0.9737994090405747
dc,solver_only,5,256,reuse_vs_optimized,0.8281797036746642
dc,solver_only,101,256,ng_reuse_vs_hspice_alter,9.592799490704316
dc,solver_only,101,256,optimized_vs_official,1.005803533849364
dc,solver_only,101,256,reuse_vs_optimized,0.6747006260935351
dc,solver_only,5,1,official_ng_vs_hspice_ind,4.9490689300728405
dc,solver_only,5,1,ng_reuse_vs_hspice_alter,2.891569033108945
dc,solver_only,5,1,optimized_vs_official,1.0025695000857409
dc,solver_only,5,1,reuse_vs_optimized,1.0936496919014334
dc,solver_only,101,1,official_ng_vs_hspice_ind,9.146194709004009
dc,solver_only,101,1,ng_reuse_vs_hspice_alter,1.9748475426101146
dc,solver_only,101,1,optimized_vs_official,0.9996047479632914
dc,solver_only,101,1,reuse_vs_optimized,0.41817102966877034
dc,solver_only,5,2,official_ng_vs_hspice_ind,4.968795896458785
dc,solver_only,5,2,ng_reuse_vs_hspice_alter,2.6086154213321158
dc,solver_only,5,2,optimized_vs_official,1.0016205983583917
dc,solver_only,5,2,reuse_vs_optimized,1.1085057932818856
dc,solver_only,101,2,official_ng_vs_hspice_ind,9.167907885626462
dc,solver_only,101,2,ng_reuse_vs_hspice_alter,1.8705695664432198
dc,solver_only,101,2,optimized_vs_official,0.9999655611280371
dc,solver_only,101,2,reuse_vs_optimized,0.4226371655612743
dc,solver_only,5,4,official_ng_vs_hspice_ind,4.873025691399297
dc,solver_only,5,4,ng_reuse_vs_hspice_alter,2.43014729142951
dc,solver_only,5,4,optimized_vs_official,0.998933645857598
dc,solver_only,5,4,reuse_vs_optimized,1.129404675622845
dc,solver_only,101,4,official_ng_vs_hspice_ind,8.915260741605362
dc,solver_only,101,4,ng_reuse_vs_hspice_alter,1.8144195909835275
dc,solver_only,101,4,optimized_vs_official,1.001067116969467
dc,solver_only,101,4,reuse_vs_optimized,0.4348534364652452
dc,solver_only,5,8,official_ng_vs_hspice_ind,5.034308563176648
dc,solver_only,5,8,ng_reuse_vs_hspice_alter,2.358542892346559
dc,solver_only,5,8,optimized_vs_official,0.9779152395702971
dc,solver_only,5,8,reuse_vs_optimized,1.1268527555143333
dc,solver_only,101,8,official_ng_vs_hspice_ind,8.887859321377745
dc,solver_only,101,8,ng_reuse_vs_hspice_alter,1.6740038425370496
dc,solver_only,101,8,optimized_vs_official,0.9409685664182447
dc,solver_only,101,8,reuse_vs_optimized,0.43920189058083553
dc,solver_only,5,16,official_ng_vs_hspice_ind,4.746757001040938
dc,solver_only,5,16,ng_reuse_vs_hspice_alter,2.363475472407855
dc,solver_only,5,16,optimized_vs_official,1.0103638008949816
dc,solver_only,5,16,reuse_vs_optimized,1.111949881029909
dc,solver_only,101,16,official_ng_vs_hspice_ind,8.539653585090731
dc,solver_only,101,16,ng_reuse_vs_hspice_alter,1.8014862327642864
dc,solver_only,101,16,optimized_vs_official,1.009698579631267
dc,solver_only,101,16,reuse_vs_optimized,0.45093408490099096
dc,solver_only,5,32,official_ng_vs_hspice_ind,4.331403697009996
dc,solver_only,5,32,ng_reuse_vs_hspice_alter,2.2530146526822126
dc,solver_only,5,32,optimized_vs_official,0.9925354518751385
dc,solver_only,5,32,reuse_vs_optimized,1.1118021731085066
dc,solver_only,101,32,official_ng_vs_hspice_ind,7.662297386194674
dc,solver_only,101,32,ng_reuse_vs_hspice_alter,1.7139989787520538
dc,solver_only,101,32,optimized_vs_official,0.993317896769541
dc,solver_only,101,32,reuse_vs_optimized,0.47448694831344584
dc,solver_only,5,64,official_ng_vs_hspice_ind,2.629840800646416
dc,solver_only,5,64,ng_reuse_vs_hspice_alter,1.800555398928586
dc,solver_only,5,64,optimized_vs_official,0.992946806256852
dc,solver_only,5,64,reuse_vs_optimized,1.3791852388135897
dc,solver_only,101,64,official_ng_vs_hspice_ind,4.868452392984942
dc,solver_only,101,64,ng_reuse_vs_hspice_alter,1.6132407862351286
dc,solver_only,101,64,optimized_vs_official,0.9966950129979952
dc,solver_only,101,64,reuse_vs_optimized,0.7112174104464563
dc,solver_only,5,128,official_ng_vs_hspice_ind,1.8624753611189595
dc,solver_only,5,128,ng_reuse_vs_hspice_alter,9.22634781836063
dc,solver_only,5,128,optimized_vs_official,0.9822662312590688
dc,solver_only,5,128,reuse_vs_optimized,1.3227261183635781
dc,solver_only,101,128,official_ng_vs_hspice_ind,46.835274229807794
dc,solver_only,101,128,ng_reuse_vs_hspice_alter,7.133860159717206
dc,solver_only,101,128,optimized_vs_official,0.9647624571534805
dc,solver_only,101,128,reuse_vs_optimized,0.9833998136523208
dc,solver_only,5,192,official_ng_vs_hspice_ind,2.077215617254998
dc,solver_only,5,192,ng_reuse_vs_hspice_alter,7.768738944833745
dc,solver_only,5,192,optimized_vs_official,0.9812667429439201
dc,solver_only,5,192,reuse_vs_optimized,1.0803436391902892
dc,solver_only,101,192,official_ng_vs_hspice_ind,38.65656602287944
dc,solver_only,101,192,ng_reuse_vs_hspice_alter,6.409415834136637
dc,solver_only,101,192,optimized_vs_official,0.9974483934979619
dc,solver_only,101,192,reuse_vs_optimized,0.8539532628280234
dc,solver_only,5,256,official_ng_vs_hspice_ind,2.169546971231991
dc,solver_only,5,256,ng_reuse_vs_hspice_alter,11.428952145924349
dc,solver_only,5,256,optimized_vs_official,0.9737994090405747
dc,solver_only,5,256,reuse_vs_optimized,0.8281797036746642
dc,solver_only,5,1,official_ng_vs_hspice_ind,4.9490689300728405
dc,solver_only,5,1,ng_reuse_vs_hspice_alter,2.891569033108945
dc,solver_only,5,1,optimized_vs_official,1.0025695000857409
dc,solver_only,5,1,reuse_vs_optimized,1.0936496919014334
dc,solver_only,101,1,official_ng_vs_hspice_ind,9.146194709004009
dc,solver_only,101,1,ng_reuse_vs_hspice_alter,1.9748475426101146
dc,solver_only,101,1,optimized_vs_official,0.9996047479632914
dc,solver_only,101,1,reuse_vs_optimized,0.41817102966877034
dc,solver_only,5,2,official_ng_vs_hspice_ind,4.968795896458785
dc,solver_only,5,2,ng_reuse_vs_hspice_alter,2.6086154213321158
dc,solver_only,5,2,optimized_vs_official,1.0016205983583917
dc,solver_only,5,2,reuse_vs_optimized,1.1085057932818856
dc,solver_only,101,2,official_ng_vs_hspice_ind,9.167907885626462
dc,solver_only,101,2,ng_reuse_vs_hspice_alter,1.8705695664432198
dc,solver_only,101,2,optimized_vs_official,0.9999655611280371
dc,solver_only,101,2,reuse_vs_optimized,0.4226371655612743
dc,solver_only,5,4,official_ng_vs_hspice_ind,4.873025691399297
dc,solver_only,5,4,ng_reuse_vs_hspice_alter,2.43014729142951
dc,solver_only,5,4,optimized_vs_official,0.998933645857598
dc,solver_only,5,4,reuse_vs_optimized,1.129404675622845
dc,solver_only,101,4,official_ng_vs_hspice_ind,8.915260741605362
dc,solver_only,101,4,ng_reuse_vs_hspice_alter,1.8144195909835275
dc,solver_only,101,4,optimized_vs_official,1.001067116969467
dc,solver_only,101,4,reuse_vs_optimized,0.4348534364652452
dc,solver_only,5,8,official_ng_vs_hspice_ind,5.034308563176648
dc,solver_only,5,8,ng_reuse_vs_hspice_alter,2.358542892346559
dc,solver_only,5,8,optimized_vs_official,0.9779152395702971
dc,solver_only,5,8,reuse_vs_optimized,1.1268527555143333
dc,solver_only,101,8,official_ng_vs_hspice_ind,8.887859321377745
dc,solver_only,101,8,ng_reuse_vs_hspice_alter,1.6740038425370496
dc,solver_only,101,8,optimized_vs_official,0.9409685664182447
dc,solver_only,101,8,reuse_vs_optimized,0.43920189058083553
dc,solver_only,5,16,official_ng_vs_hspice_ind,4.746757001040938
dc,solver_only,5,16,ng_reuse_vs_hspice_alter,2.363475472407855
dc,solver_only,5,16,optimized_vs_official,1.0103638008949816
dc,solver_only,5,16,reuse_vs_optimized,1.111949881029909
dc,solver_only,101,16,official_ng_vs_hspice_ind,8.539653585090731
dc,solver_only,101,16,ng_reuse_vs_hspice_alter,1.8014862327642864
dc,solver_only,101,16,optimized_vs_official,1.009698579631267
dc,solver_only,101,16,reuse_vs_optimized,0.45093408490099096
dc,solver_only,5,32,official_ng_vs_hspice_ind,4.331403697009996
dc,solver_only,5,32,ng_reuse_vs_hspice_alter,2.2530146526822126
dc,solver_only,5,32,optimized_vs_official,0.9925354518751385
dc,solver_only,5,32,reuse_vs_optimized,1.1118021731085066
dc,solver_only,101,32,official_ng_vs_hspice_ind,7.662297386194674
dc,solver_only,101,32,ng_reuse_vs_hspice_alter,1.7139989787520538
dc,solver_only,101,32,optimized_vs_official,0.993317896769541
dc,solver_only,101,32,reuse_vs_optimized,0.47448694831344584
dc,solver_only,5,64,official_ng_vs_hspice_ind,2.629840800646416
dc,solver_only,5,64,ng_reuse_vs_hspice_alter,1.800555398928586
dc,solver_only,5,64,optimized_vs_official,0.992946806256852
dc,solver_only,5,64,reuse_vs_optimized,1.3791852388135897
dc,solver_only,101,64,official_ng_vs_hspice_ind,4.868452392984942
dc,solver_only,101,64,ng_reuse_vs_hspice_alter,1.6132407862351286
dc,solver_only,101,64,optimized_vs_official,0.9966950129979952
dc,solver_only,101,64,reuse_vs_optimized,0.7112174104464563
dc,solver_only,5,128,official_ng_vs_hspice_ind,1.8624753611189595
dc,solver_only,5,128,ng_reuse_vs_hspice_alter,9.22634781836063
dc,solver_only,5,128,optimized_vs_official,0.9822662312590688
dc,solver_only,5,128,reuse_vs_optimized,1.3227261183635781
dc,solver_only,101,128,official_ng_vs_hspice_ind,46.835274229807794
dc,solver_only,101,128,ng_reuse_vs_hspice_alter,7.133860159717206
dc,solver_only,101,128,optimized_vs_official,0.9647624571534805
dc,solver_only,101,128,reuse_vs_optimized,0.9833998136523208
dc,solver_only,5,192,official_ng_vs_hspice_ind,2.077215617254998
dc,solver_only,5,192,ng_reuse_vs_hspice_alter,7.768738944833745
dc,solver_only,5,192,optimized_vs_official,0.9812667429439201
dc,solver_only,5,192,reuse_vs_optimized,1.0803436391902892
dc,solver_only,101,192,official_ng_vs_hspice_ind,38.65656602287944
dc,solver_only,101,192,ng_reuse_vs_hspice_alter,6.409415834136637
dc,solver_only,101,192,optimized_vs_official,0.9974483934979619
dc,solver_only,101,192,reuse_vs_optimized,0.8539532628280234
dc,solver_only,5,256,official_ng_vs_hspice_ind,2.169546971231991
dc,solver_only,5,256,ng_reuse_vs_hspice_alter,11.428952145924349
dc,solver_only,5,256,optimized_vs_official,0.9737994090405747
dc,solver_only,5,256,reuse_vs_optimized,0.8281797036746642
dc,solver_only,101,256,ng_reuse_vs_hspice_alter,9.592799490704316
dc,solver_only,101,256,optimized_vs_official,1.005803533849364
dc,solver_only,101,256,reuse_vs_optimized,0.6747006260935351
dc,solver_only,5,1,official_ng_vs_hspice_ind,4.9490689300728405
dc,solver_only,5,1,ng_reuse_vs_hspice_alter,2.891569033108945
dc,solver_only,5,1,optimized_vs_official,1.0025695000857409
dc,solver_only,5,1,reuse_vs_optimized,1.0936496919014334
dc,solver_only,101,1,official_ng_vs_hspice_ind,9.146194709004009
dc,solver_only,101,1,ng_reuse_vs_hspice_alter,1.9748475426101146
dc,solver_only,101,1,optimized_vs_official,0.9996047479632914
dc,solver_only,101,1,reuse_vs_optimized,0.41817102966877034
dc,solver_only,5,2,official_ng_vs_hspice_ind,4.968795896458785
dc,solver_only,5,2,ng_reuse_vs_hspice_alter,2.6086154213321158
dc,solver_only,5,2,optimized_vs_official,1.0016205983583917
dc,solver_only,5,2,reuse_vs_optimized,1.1085057932818856
dc,solver_only,101,2,official_ng_vs_hspice_ind,9.167907885626462
dc,solver_only,101,2,ng_reuse_vs_hspice_alter,1.8705695664432198
dc,solver_only,101,2,optimized_vs_official,0.9999655611280371
dc,solver_only,101,2,reuse_vs_optimized,0.4226371655612743
dc,solver_only,5,4,official_ng_vs_hspice_ind,4.873025691399297
dc,solver_only,5,4,ng_reuse_vs_hspice_alter,2.43014729142951
dc,solver_only,5,4,optimized_vs_official,0.998933645857598
dc,solver_only,5,4,reuse_vs_optimized,1.129404675622845
dc,solver_only,101,4,official_ng_vs_hspice_ind,8.915260741605362
dc,solver_only,101,4,ng_reuse_vs_hspice_alter,1.8144195909835275
dc,solver_only,101,4,optimized_vs_official,1.001067116969467
dc,solver_only,101,4,reuse_vs_optimized,0.4348534364652452
dc,solver_only,5,8,official_ng_vs_hspice_ind,5.034308563176648
dc,solver_only,5,8,ng_reuse_vs_hspice_alter,2.358542892346559
dc,solver_only,5,8,optimized_vs_official,0.9779152395702971
dc,solver_only,5,8,reuse_vs_optimized,1.1268527555143333
dc,solver_only,101,8,official_ng_vs_hspice_ind,8.887859321377745
dc,solver_only,101,8,ng_reuse_vs_hspice_alter,1.6740038425370496
dc,solver_only,101,8,optimized_vs_official,0.9409685664182447
dc,solver_only,101,8,reuse_vs_optimized,0.43920189058083553
dc,solver_only,5,16,official_ng_vs_hspice_ind,4.746757001040938
dc,solver_only,5,16,ng_reuse_vs_hspice_alter,2.363475472407855
dc,solver_only,5,16,optimized_vs_official,1.0103638008949816
dc,solver_only,5,16,reuse_vs_optimized,1.111949881029909
dc,solver_only,101,16,official_ng_vs_hspice_ind,8.539653585090731
dc,solver_only,101,16,ng_reuse_vs_hspice_alter,1.8014862327642864
dc,solver_only,101,16,optimized_vs_official,1.009698579631267
dc,solver_only,101,16,reuse_vs_optimized,0.45093408490099096
dc,solver_only,5,32,official_ng_vs_hspice_ind,4.331403697009996
dc,solver_only,5,32,ng_reuse_vs_hspice_alter,2.2530146526822126
dc,solver_only,5,32,optimized_vs_official,0.9925354518751385
dc,solver_only,5,32,reuse_vs_optimized,1.1118021731085066
dc,solver_only,101,32,official_ng_vs_hspice_ind,7.662297386194674
dc,solver_only,101,32,ng_reuse_vs_hspice_alter,1.7139989787520538
dc,solver_only,101,32,optimized_vs_official,0.993317896769541
dc,solver_only,101,32,reuse_vs_optimized,0.47448694831344584
dc,solver_only,5,64,official_ng_vs_hspice_ind,2.629840800646416
dc,solver_only,5,64,ng_reuse_vs_hspice_alter,1.800555398928586
dc,solver_only,5,64,optimized_vs_official,0.992946806256852
dc,solver_only,5,64,reuse_vs_optimized,1.3791852388135897
dc,solver_only,101,64,official_ng_vs_hspice_ind,4.868452392984942
dc,solver_only,101,64,ng_reuse_vs_hspice_alter,1.6132407862351286
dc,solver_only,101,64,optimized_vs_official,0.9966950129979952
dc,solver_only,101,64,reuse_vs_optimized,0.7112174104464563
dc,solver_only,5,128,official_ng_vs_hspice_ind,1.8624753611189595
dc,solver_only,5,128,ng_reuse_vs_hspice_alter,9.22634781836063
dc,solver_only,5,128,optimized_vs_official,0.9822662312590688
dc,solver_only,5,128,reuse_vs_optimized,1.3227261183635781
dc,solver_only,101,128,official_ng_vs_hspice_ind,46.835274229807794
dc,solver_only,101,128,ng_reuse_vs_hspice_alter,7.133860159717206
dc,solver_only,101,128,optimized_vs_official,0.9647624571534805
dc,solver_only,101,128,reuse_vs_optimized,0.9833998136523208
dc,solver_only,5,192,official_ng_vs_hspice_ind,2.077215617254998
dc,solver_only,5,192,ng_reuse_vs_hspice_alter,7.768738944833745
dc,solver_only,5,192,optimized_vs_official,0.9812667429439201
dc,solver_only,5,192,reuse_vs_optimized,1.0803436391902892
dc,solver_only,101,192,official_ng_vs_hspice_ind,38.65656602287944
dc,solver_only,101,192,ng_reuse_vs_hspice_alter,6.409415834136637
dc,solver_only,101,192,optimized_vs_official,0.9974483934979619
dc,solver_only,101,192,reuse_vs_optimized,0.8539532628280234
dc,solver_only,5,256,official_ng_vs_hspice_ind,2.169546971231991
dc,solver_only,5,256,ng_reuse_vs_hspice_alter,11.428952145924349
dc,solver_only,5,256,optimized_vs_official,0.9737994090405747
dc,solver_only,5,256,reuse_vs_optimized,0.8281797036746642
dc,solver_only,101,256,ng_reuse_vs_hspice_alter,9.592799490704316
dc,solver_only,101,256,optimized_vs_official,1.005803533849364
dc,solver_only,101,256,reuse_vs_optimized,0.6747006260935351
dc,solver_only,5,1,official_ng_vs_hspice_ind,4.9490689300728405
dc,solver_only,5,1,ng_reuse_vs_hspice_alter,2.891569033108945
dc,solver_only,5,1,optimized_vs_official,1.0025695000857409
dc,solver_only,5,1,reuse_vs_optimized,1.0936496919014334
dc,solver_only,101,1,official_ng_vs_hspice_ind,9.146194709004009
dc,solver_only,101,1,ng_reuse_vs_hspice_alter,1.9748475426101146
dc,solver_only,101,1,optimized_vs_official,0.9996047479632914
dc,solver_only,101,1,reuse_vs_optimized,0.41817102966877034
dc,solver_only,5,2,official_ng_vs_hspice_ind,4.968795896458785
dc,solver_only,5,2,ng_reuse_vs_hspice_alter,2.6086154213321158
dc,solver_only,5,2,optimized_vs_official,1.0016205983583917
dc,solver_only,5,2,reuse_vs_optimized,1.1085057932818856
dc,solver_only,101,2,official_ng_vs_hspice_ind,9.167907885626462
dc,solver_only,101,2,ng_reuse_vs_hspice_alter,1.8705695664432198
dc,solver_only,101,2,optimized_vs_official,0.9999655611280371
dc,solver_only,101,2,reuse_vs_optimized,0.4226371655612743
dc,solver_only,5,4,official_ng_vs_hspice_ind,4.873025691399297
dc,solver_only,5,4,ng_reuse_vs_hspice_alter,2.43014729142951
dc,solver_only,5,4,optimized_vs_official,0.998933645857598
dc,solver_only,5,4,reuse_vs_optimized,1.129404675622845
dc,solver_only,101,4,official_ng_vs_hspice_ind,8.915260741605362
dc,solver_only,101,4,ng_reuse_vs_hspice_alter,1.8144195909835275
dc,solver_only,101,4,optimized_vs_official,1.001067116969467
dc,solver_only,101,4,reuse_vs_optimized,0.4348534364652452
dc,solver_only,5,8,official_ng_vs_hspice_ind,5.034308563176648
dc,solver_only,5,8,ng_reuse_vs_hspice_alter,2.358542892346559
dc,solver_only,5,8,optimized_vs_official,0.9779152395702971
dc,solver_only,5,8,reuse_vs_optimized,1.1268527555143333
dc,solver_only,101,8,official_ng_vs_hspice_ind,8.887859321377745
dc,solver_only,101,8,ng_reuse_vs_hspice_alter,1.6740038425370496
dc,solver_only,101,8,optimized_vs_official,0.9409685664182447
dc,solver_only,101,8,reuse_vs_optimized,0.43920189058083553
dc,solver_only,5,16,official_ng_vs_hspice_ind,4.746757001040938
dc,solver_only,5,16,ng_reuse_vs_hspice_alter,2.363475472407855
dc,solver_only,5,16,optimized_vs_official,1.0103638008949816
dc,solver_only,5,16,reuse_vs_optimized,1.111949881029909
dc,solver_only,101,16,official_ng_vs_hspice_ind,8.539653585090731
dc,solver_only,101,16,ng_reuse_vs_hspice_alter,1.8014862327642864
dc,solver_only,101,16,optimized_vs_official,1.009698579631267
dc,solver_only,101,16,reuse_vs_optimized,0.45093408490099096
dc,solver_only,5,32,official_ng_vs_hspice_ind,4.331403697009996
dc,solver_only,5,32,ng_reuse_vs_hspice_alter,2.2530146526822126
dc,solver_only,5,32,optimized_vs_official,0.9925354518751385
dc,solver_only,5,32,reuse_vs_optimized,1.1118021731085066
dc,solver_only,101,32,official_ng_vs_hspice_ind,7.662297386194674
dc,solver_only,101,32,ng_reuse_vs_hspice_alter,1.7139989787520538
dc,solver_only,101,32,optimized_vs_official,0.993317896769541
dc,solver_only,101,32,reuse_vs_optimized,0.47448694831344584
dc,solver_only,5,64,official_ng_vs_hspice_ind,2.629840800646416
dc,solver_only,5,64,ng_reuse_vs_hspice_alter,1.800555398928586
dc,solver_only,5,64,optimized_vs_official,0.992946806256852
dc,solver_only,5,64,reuse_vs_optimized,1.3791852388135897
dc,solver_only,101,64,official_ng_vs_hspice_ind,4.868452392984942
dc,solver_only,101,64,ng_reuse_vs_hspice_alter,1.6132407862351286
dc,solver_only,101,64,optimized_vs_official,0.9966950129979952
dc,solver_only,101,64,reuse_vs_optimized,0.7112174104464563
dc,solver_only,5,128,official_ng_vs_hspice_ind,1.8624753611189595
dc,solver_only,5,128,ng_reuse_vs_hspice_alter,9.22634781836063
dc,solver_only,5,128,optimized_vs_official,0.9822662312590688
dc,solver_only,5,128,reuse_vs_optimized,1.3227261183635781
dc,solver_only,101,128,official_ng_vs_hspice_ind,46.835274229807794
dc,solver_only,101,128,ng_reuse_vs_hspice_alter,7.133860159717206
dc,solver_only,101,128,optimized_vs_official,0.9647624571534805
dc,solver_only,101,128,reuse_vs_optimized,0.9833998136523208
dc,solver_only,5,192,official_ng_vs_hspice_ind,2.077215617254998
dc,solver_only,5,192,ng_reuse_vs_hspice_alter,7.768738944833745
dc,solver_only,5,192,optimized_vs_official,0.9812667429439201
dc,solver_only,5,192,reuse_vs_optimized,1.0803436391902892
dc,solver_only,101,192,official_ng_vs_hspice_ind,38.65656602287944
dc,solver_only,101,192,ng_reuse_vs_hspice_alter,6.409415834136637
dc,solver_only,101,192,optimized_vs_official,0.9974483934979619
dc,solver_only,101,192,reuse_vs_optimized,0.8539532628280234
dc,solver_only,5,256,official_ng_vs_hspice_ind,2.169546971231991
dc,solver_only,5,256,ng_reuse_vs_hspice_alter,11.428952145924349
dc,solver_only,5,256,optimized_vs_official,0.9737994090405747
dc,solver_only,5,256,reuse_vs_optimized,0.8281797036746642
dc,solver_only,101,256,ng_reuse_vs_hspice_alter,9.592799490704316
dc,solver_only,101,256,optimized_vs_official,1.005803533849364
dc,solver_only,101,256,reuse_vs_optimized,0.6747006260935351
tran,end_to_end,4,1,official_ng_vs_hspice_ind,0.12881871502208145
tran,end_to_end,4,1,optimized_vs_official,1.0016571313376523
tran,end_to_end,4,8,official_ng_vs_hspice_ind,0.12478513984550864
tran,end_to_end,4,8,optimized_vs_official,1.0049030263722691
tran,end_to_end,4,32,official_ng_vs_hspice_ind,0.13653817384038122
tran,end_to_end,4,32,optimized_vs_official,0.9949256619565588
tran,end_to_end,4,1,official_ng_vs_hspice_ind,0.12881871502208145
tran,end_to_end,4,1,optimized_vs_official,1.0016571313376523
tran,end_to_end,4,8,official_ng_vs_hspice_ind,0.12478513984550864
tran,end_to_end,4,8,optimized_vs_official,1.0049030263722691
tran,end_to_end,4,32,official_ng_vs_hspice_ind,0.13653817384038122
tran,end_to_end,4,32,optimized_vs_official,0.9949256619565588
tran,end_to_end,4,1,official_ng_vs_hspice_ind,0.12881871502208145
tran,end_to_end,4,1,optimized_vs_official,1.0016571313376523
tran,end_to_end,4,8,official_ng_vs_hspice_ind,0.12478513984550864
tran,end_to_end,4,8,optimized_vs_official,1.0049030263722691
tran,end_to_end,4,32,official_ng_vs_hspice_ind,0.13653817384038122
tran,end_to_end,4,32,optimized_vs_official,0.9949256619565588
tran,end_to_end,4,1,official_ng_vs_hspice_ind,0.12881871502208145
tran,end_to_end,4,1,optimized_vs_official,1.0016571313376523
tran,end_to_end,4,8,official_ng_vs_hspice_ind,0.12478513984550864
tran,end_to_end,4,8,optimized_vs_official,1.0049030263722691
tran,end_to_end,4,32,official_ng_vs_hspice_ind,0.13653817384038122
tran,end_to_end,4,32,optimized_vs_official,0.9949256619565588
