scaling,analysis,layer,method,workers,effective_workers,complexity,total_points,repeats,median_wall_s,median_total_cpu_s,median_aggregate_rss_kb,throughput_points_s,effective_cpu
strong,dc,end_to_end,hspice_alter,1,1,5,1000,3,249.94038545398507,249.74,66624.0,4.000954060239711,0.9991982670042655
strong,dc,end_to_end,hspice_alter,1,1,21,1000,3,280.50109443697147,280.06,66624.0,3.565048478713511,0.9984274769485059
strong,dc,end_to_end,hspice_alter,1,1,101,1000,3,449.4391656809021,447.94,62792.0,2.2249952304112086,0.9966643635103967
strong,dc,end_to_end,hspice_alter,2,2,5,1000,3,113.2320183950942,221.74,120888.0,8.831424310664104,1.9582800266466587
strong,dc,end_to_end,hspice_alter,2,2,21,1000,3,128.23389306094032,252.14999999999998,120888.0,7.798250338736672,1.9663288229124516
strong,dc,end_to_end,hspice_alter,2,2,101,1000,3,212.47687978902832,419.12,118744.0,4.706394413325892,1.972544026513148
strong,dc,end_to_end,hspice_alter,4,4,5,1000,3,53.48737712192815,208.59,236504.0,18.695999950052354,3.8997986295814204
strong,dc,end_to_end,hspice_alter,4,4,21,1000,3,61.33032449905295,239.59,236492.0,16.305147709033267,3.9065503396072803
strong,dc,end_to_end,hspice_alter,4,4,101,1000,3,103.56802818807773,407.56,176688.0,9.655489415942316,3.9351912663614503
strong,dc,end_to_end,hspice_alter,8,8,5,1000,3,29.25987529498525,222.62,470040.0,34.17649562475704,7.608371455983413
strong,dc,end_to_end,hspice_alter,8,8,21,1000,3,32.37931724009104,247.55,469928.0,30.883912486018446,7.645312535913867
strong,dc,end_to_end,hspice_alter,8,8,101,1000,3,54.651062773074955,424.68,350480.0,18.297905827600335,7.770754646865311
strong,dc,end_to_end,hspice_alter,16,16,5,1000,3,15.276738922926597,228.2,939504.0,65.45899652047126,14.93774300597154
strong,dc,end_to_end,hspice_alter,16,16,21,1000,3,17.45769396109972,262.38,832140.0,57.28133407701268,15.029476435126588
strong,dc,end_to_end,hspice_alter,16,16,101,1000,3,28.941811830969527,444.41,699936.0,34.552086988898814,15.355292978736523
strong,dc,end_to_end,hspice_alter,32,32,5,1000,3,8.511524186003953,243.06,1874960.0,117.48777047997635,28.556577492863052
strong,dc,end_to_end,hspice_alter,32,32,21,1000,3,9.597022174857557,277.58,1439580.0,104.19898816320516,28.923555134342486
strong,dc,end_to_end,hspice_alter,32,32,101,1000,3,15.382418469060212,460.06,1400352.0,65.00928329387042,29.90817087217803
strong,dc,end_to_end,hspice_alter,64,64,5,1000,3,5.269565137918107,281.65,3420688.0,189.76897975969962,53.44843314931939
strong,dc,end_to_end,hspice_alter,64,64,21,1000,3,5.868180163903162,316.23,2885692.0,170.41058250925613,53.88893850690207
strong,dc,end_to_end,hspice_alter,64,64,101,1000,3,8.922931729117408,504.7,2799512.0,112.07078910362937,56.56212726060174
strong,dc,end_to_end,hspice_alter,128,128,5,1000,3,32.94158839096781,358.08,6398440.0,30.35676325414193,10.870149786043143
strong,dc,end_to_end,hspice_alter,128,128,21,1000,3,33.26215696299914,388.45,5515440.0,30.06419581004326,11.678436862411303
strong,dc,end_to_end,hspice_alter,128,128,101,1000,3,34.60840990790166,572.52,5442392.0,28.89471092896654,16.542799901051925
strong,dc,end_to_end,hspice_alter,192,192,5,1000,3,34.23594448796939,436.94,9812140.0,29.209067106397573,12.762609781469354
strong,dc,end_to_end,hspice_alter,192,192,21,1000,3,34.53721946408041,462.63,8050772.0,28.954270654012134,13.395114232665632
strong,dc,end_to_end,hspice_alter,192,192,101,1000,3,36.49580712988973,659.87,7970672.0,27.400407845234618,18.08070712483497
strong,dc,end_to_end,hspice_alter,256,256,5,1000,3,62.68609693099279,490.90000000000003,12261020.0,15.952500617494778,7.831082553128187
strong,dc,end_to_end,hspice_alter,256,256,21,1000,3,63.005540765821934,526.88,10634488.0,15.871619985245191,8.362439137825985
strong,dc,end_to_end,hspice_alter,256,256,101,1000,3,64.31891827099025,709.92,10403040.0,15.547525158721921,11.037499060679865
strong,dc,end_to_end,hspice_independent,1,1,5,1000,3,467.4732281360775,450.68,56660.0,2.1391599343287067,0.9640765992032614
strong,dc,end_to_end,hspice_independent,1,1,21,1000,3,530.3843810299877,513.1,56660.0,1.8854250535395394,0.9674115949711377
strong,dc,end_to_end,hspice_independent,1,1,101,1000,3,868.1893875899259,850.9100000000001,56684.0,1.1518224183504215,0.9800972139985574
strong,dc,end_to_end,hspice_independent,2,2,5,1000,3,238.68774204095826,451.23,113324.0,4.189574175235201,1.8904615550913797
strong,dc,end_to_end,hspice_independent,2,2,21,1000,3,268.5629484219244,511.8,113320.0,3.7235218256129485,1.9056984703487072
strong,dc,end_to_end,hspice_independent,2,2,101,1000,3,437.27039527893066,849.45,113368.0,2.2869144831131534,1.9426195076804682
strong,dc,end_to_end,hspice_independent,4,4,5,1000,3,121.44778479391243,456.67,226640.0,8.233991272026273,3.760216794196238
strong,dc,end_to_end,hspice_independent,4,4,21,1000,3,136.48722496512346,518.01,226640.0,7.326693031201489,3.7953002570926833
strong,dc,end_to_end,hspice_independent,4,4,101,1000,3,221.01307978015393,856.1500000000001,167132.0,4.5246190903937435,3.873752634240604
strong,dc,end_to_end,hspice_independent,8,8,5,1000,3,65.57534344901796,486.87000000000006,457020.0,15.249634197912473,7.424589401937647
strong,dc,end_to_end,hspice_independent,8,8,21,1000,3,73.89848036004696,551.48,453288.0,13.53207799575602,7.462670373099531
strong,dc,end_to_end,hspice_independent,8,8,101,1000,3,118.67227283981629,911.49,334252.0,8.426568195502576,7.680732644518643
strong,dc,end_to_end,hspice_independent,16,16,5,1000,3,34.613846988999285,504.13000000000005,906564.0,28.89017219951924,14.564402510943637
strong,dc,end_to_end,hspice_independent,16,16,21,1000,3,38.804319640039466,571.57,906564.0,25.77032684186453,14.72954571300451
strong,dc,end_to_end,hspice_independent,16,16,101,1000,3,62.1271357301157,942.88,668488.0,16.09602612848699,15.176621116027814
strong,dc,end_to_end,hspice_independent,32,32,5,1000,3,18.22149692394305,505.28000000000003,1813144.0,54.880233175903335,27.72988421912044
strong,dc,end_to_end,hspice_independent,32,32,21,1000,3,20.333981973002665,574.0600000000001,1669256.0,49.17875905111431,28.231558420882685
strong,dc,end_to_end,hspice_independent,32,32,101,1000,3,31.99881334719248,946.83,1336984.0,31.251158883607108,29.58953476576572
strong,dc,end_to_end,hspice_independent,64,64,5,1000,3,10.554431603988633,522.16,3626236.0,94.74693072264444,49.47305734613602
strong,dc,end_to_end,hspice_independent,64,64,21,1000,3,11.493833869928494,594.54,2805840.0,87.00317155412489,51.726865615789414
strong,dc,end_to_end,hspice_independent,64,64,101,1000,3,17.676548274001107,990.58,2677672.0,56.57213074063859,56.03922126906178
strong,dc,end_to_end,hspice_independent,128,128,5,1000,3,8.618614476989023,538.84,6298596.0,116.02793032104128,62.520489974189886
strong,dc,end_to_end,hspice_independent,128,128,21,1000,1,8.355755235999823,591.79,5834216.0,119.67799100811541,70.8242382986926
strong,dc,end_to_end,hspice_independent,128,128,101,1000,1,216.3228134228848,1406.29,5250516.0,4.622720942728873,6.500886234550186
strong,dc,end_to_end,hspice_independent,192,192,5,1000,3,10.01149045897182,534.56,9924780.0,99.88522728939402,53.394647099818464
strong,dc,end_to_end,hspice_independent,192,192,101,1000,2,185.9491369704483,1342.1100000000001,8206264.0,5.377814687889213,7.217618870762992
strong,dc,end_to_end,hspice_independent,256,256,5,1000,2,9.688407933048438,532.9649999999999,12600762.0,103.21613281671058,55.01058622665814
strong,dc,end_to_end,hspice_independent,256,256,21,1000,1,9.506986606866121,592.84,10833840.0,105.18580085910519,62.35835018131193
strong,dc,end_to_end,hspice_independent,256,256,101,1000,1,216.62959066289477,1430.65,10127156.0,4.616174535251449,6.604130098857486
strong,dc,end_to_end,ngspice_official_independent,1,1,21,1000,2,94.86321081704227,82.215,11864.0,10.541494341032246,0.8666689572479661
strong,dc,end_to_end,ngspice_official_independent,1,1,101,1000,3,95.35216735885479,82.34,11864.0,10.48743859420135,0.8635356938465393
strong,dc,end_to_end,ngspice_official_independent,2,2,21,1000,3,48.07682692585513,82.41,23728.0,20.800041598881233,1.7141314281638023
strong,dc,end_to_end,ngspice_official_independent,2,2,101,1000,3,48.2111128969118,82.54,23728.0,20.742105707832682,1.7120534051245095
strong,dc,end_to_end,ngspice_official_independent,4,4,21,1000,3,24.946767332963645,84.24,47456.0,40.08535401212648,3.3767902219815342
strong,dc,end_to_end,ngspice_official_independent,4,4,101,1000,3,24.843345711007714,83.47,47456.0,40.25222736231195,3.3598534179321784
strong,dc,end_to_end,ngspice_official_independent,8,8,21,1000,3,13.463301232084632,89.7,94912.0,74.27598794394366,6.662556118571747
strong,dc,end_to_end,ngspice_official_independent,8,8,101,1000,3,13.50666470406577,89.39,94908.0,74.03752309768825,6.6182141897023525
strong,dc,end_to_end,ngspice_official_independent,16,16,21,1000,3,7.480914962012321,92.87,189808.0,133.67348848074676,12.414256875206952
strong,dc,end_to_end,ngspice_official_independent,16,16,101,1000,3,7.282783044036478,92.74,189800.0,137.3101455794227,12.73414290103566
strong,dc,end_to_end,ngspice_official_independent,32,32,21,1000,3,4.29102296102792,93.42,379572.0,233.04466302842823,21.771032420115766
strong,dc,end_to_end,ngspice_official_independent,32,32,101,1000,3,4.225517397047952,93.42999999999999,379564.0,236.65740926747196,22.110901747859906
strong,dc,end_to_end,ngspice_official_independent,64,64,21,1000,3,4.114979370031506,105.6,759084.0,243.01458405424367,25.662340076128128
strong,dc,end_to_end,ngspice_official_independent,64,64,101,1000,3,3.8626533730421215,105.13,759092.0,258.88939633545914,27.21704223674682
strong,dc,end_to_end,ngspice_official_independent,128,128,21,1000,3,4.65371621097438,123.25,1518128.0,214.8820329099146,26.484210556146977
strong,dc,end_to_end,ngspice_official_independent,128,128,101,1000,3,4.739648524904624,121.88,1518136.0,210.98610893729153,25.71498695727709
strong,dc,end_to_end,ngspice_official_independent,192,192,21,1000,3,4.590515869902447,112.69,2277148.0,217.84044066952566,24.54843925904885
strong,dc,end_to_end,ngspice_official_independent,192,192,101,1000,3,4.960840889951214,112.68,2277148.0,201.57872872432202,22.713891152656604
strong,dc,end_to_end,ngspice_official_independent,256,256,21,1000,3,4.318361962214112,109.6,3036128.0,231.56928686155794,25.37999384002675
strong,dc,end_to_end,ngspice_official_independent,256,256,101,1000,3,4.546105885179713,107.77,3036176.0,219.9684796739988,23.706003054466848
strong,dc,end_to_end,ngspice_optimized_independent,1,1,21,1000,2,94.7368659414933,82.245,11876.0,10.555552899729346,0.8681414482382401
strong,dc,end_to_end,ngspice_optimized_independent,1,1,101,1000,3,95.38807397917844,82.14,11876.0,10.483490842034222,0.8611139377646909
strong,dc,end_to_end,ngspice_optimized_independent,2,2,21,1000,3,48.11325468996074,82.4,23752.0,20.784293360404465,1.712625772897328
strong,dc,end_to_end,ngspice_optimized_independent,2,2,101,1000,3,48.331364176934585,82.68,23752.0,20.690498127450642,1.7106903851776192
strong,dc,end_to_end,ngspice_optimized_independent,4,4,21,1000,3,24.979071187088266,83.94,47504.0,40.03351415711975,3.3604131783486313
strong,dc,end_to_end,ngspice_optimized_independent,4,4,101,1000,3,24.93021313007921,83.7,47504.0,40.11197155765442,3.357372019375675
strong,dc,end_to_end,ngspice_optimized_independent,8,8,21,1000,3,13.201039745938033,86.63,94992.0,75.75160890699541,6.562361879613013
strong,dc,end_to_end,ngspice_optimized_independent,8,8,101,1000,3,13.362325065070763,88.11,95004.0,74.83727533421627,6.593912329697795
strong,dc,end_to_end,ngspice_optimized_independent,16,16,21,1000,3,7.383960535051301,92.81,189992.0,135.42867614920863,12.569135433408054
strong,dc,end_to_end,ngspice_optimized_independent,16,16,101,1000,3,7.2579206738155335,92.46,189976.0,137.78050834968604,12.73918580201197
strong,dc,end_to_end,ngspice_optimized_independent,32,32,21,1000,3,4.364662275882438,94.01,379948.0,229.1128011268231,21.53889443393264
strong,dc,end_to_end,ngspice_optimized_independent,32,32,101,1000,3,4.287058069137856,93.81,379944.0,233.26019472395527,21.88213886705424
strong,dc,end_to_end,ngspice_optimized_independent,64,64,21,1000,3,4.1783281459938735,107.34,759852.0,239.3301734711255,25.689700820390613
strong,dc,end_to_end,ngspice_optimized_independent,64,64,101,1000,3,4.000348657136783,107.02,759860.0,249.97821082818862,26.752668122832745
strong,dc,end_to_end,ngspice_optimized_independent,128,128,21,1000,3,4.8266873259563,124.54,1519664.0,207.18143365581952,25.802375747495763
strong,dc,end_to_end,ngspice_optimized_independent,128,128,101,1000,3,4.7825007969513535,123.32000000000001,1519652.0,209.09562642152795,25.785672650302832
strong,dc,end_to_end,ngspice_optimized_independent,192,192,21,1000,3,4.752229955047369,112.48,2279432.0,210.42752759426017,23.668888303802383
strong,dc,end_to_end,ngspice_optimized_independent,192,192,101,1000,3,4.825081608025357,113.99,2279440.0,207.25038066438952,23.62447089193376
strong,dc,end_to_end,ngspice_optimized_independent,256,256,21,1000,3,4.370037888875231,108.36,3039200.0,228.83096792952108,24.796123684842904
strong,dc,end_to_end,ngspice_optimized_independent,256,256,101,1000,3,4.519714904949069,103.91,3039176.0,221.2528933860417,22.990388151743595
strong,dc,end_to_end,ngspice_optimized_reuse,1,1,21,1000,2,111.99830025754636,111.58,17762.0,8.928706933055627,0.9962651195903468
strong,dc,end_to_end,ngspice_optimized_reuse,1,1,101,1000,3,226.49370125797577,225.14999999999998,17812.0,4.415133818052637,0.9940673791345512
strong,dc,end_to_end,ngspice_optimized_reuse,2,2,21,1000,3,56.03569383302238,111.35999999999999,29868.0,17.84576814520837,1.987304740650404
strong,dc,end_to_end,ngspice_optimized_reuse,2,2,101,1000,3,113.62891158717684,225.57,29928.0,8.800577124535717,1.9851461819815217
strong,dc,end_to_end,ngspice_optimized_reuse,4,4,21,1000,3,28.28345053899102,112.09,54056.0,35.356364974684375,3.9630949500123718
strong,dc,end_to_end,ngspice_optimized_reuse,4,4,101,1000,3,57.35583863500506,226.75,54204.0,17.435016622521953,3.9533900191568527
strong,dc,end_to_end,ngspice_optimized_reuse,8,8,21,1000,3,15.081676692003384,117.82,102480.0,66.30562505893131,7.812128744443288
strong,dc,end_to_end,ngspice_optimized_reuse,8,8,101,1000,3,30.331177743151784,239.04,102676.0,32.96937588339382,7.88099961116646
strong,dc,end_to_end,ngspice_optimized_reuse,16,16,21,1000,3,8.288314310950227,125.98,199456.0,120.65179510372036,15.199713147166692
strong,dc,end_to_end,ngspice_optimized_reuse,16,16,101,1000,3,16.24036030191928,250.42000000000002,199780.0,61.57498857225602,15.419608638264352
strong,dc,end_to_end,ngspice_optimized_reuse,32,32,21,1000,3,4.722344594076276,132.66,393304.0,211.75921834556573,28.091977905722747
strong,dc,end_to_end,ngspice_optimized_reuse,32,32,101,1000,3,9.093405375024304,266.72,394080.0,109.96980325396824,29.33114592389841
strong,dc,end_to_end,ngspice_optimized_reuse,64,64,21,1000,3,3.440768343163654,172.93,781980.0,290.63275997259916,50.25912318206157
strong,dc,end_to_end,ngspice_optimized_reuse,64,64,101,1000,3,6.379841668065637,333.52,783128.0,156.74370180775963,52.27715942692399
strong,dc,end_to_end,ngspice_optimized_reuse,128,128,21,1000,3,3.9958709849743173,323.26,1563976.0,250.25833010132266,80.89850778855356
strong,dc,end_to_end,ngspice_optimized_reuse,128,128,101,1000,3,6.189129002857953,571.65,1564044.0,161.5736236129882,92.36356193836471
strong,dc,end_to_end,ngspice_optimized_reuse,192,192,21,1000,3,4.920374116045423,567.38,2349664.0,203.23657844207074,115.31236987646209
strong,dc,end_to_end,ngspice_optimized_reuse,192,192,101,1000,3,8.56303371116519,929.26,2346000.0,116.78104206177741,108.51995114632729
strong,dc,end_to_end,ngspice_optimized_reuse,256,256,21,1000,3,5.638488303986378,877.72,3127984.0,177.3525005439855,155.66583677746695
strong,dc,end_to_end,ngspice_optimized_reuse,256,256,101,1000,3,9.372004217933863,1434.66,3128012.0,106.70076290474167,153.0793165089167
strong,dc,solver_only,hspice_alter,1,1,5,1000,3,248.5690414479468,248.46,51832.0,4.023027140366599,0.9995613232954852
strong,dc,solver_only,hspice_alter,1,1,21,1000,3,279.6994988840306,279.58,62804.0,3.575265611807983,0.9995727597492758
strong,dc,solver_only,hspice_alter,1,1,101,1000,3,445.4387437410187,445.29,66636.0,2.2449775958002594,0.9996660736338976
strong,dc,solver_only,hspice_alter,2,2,5,1000,3,112.32477101997938,220.22000000000003,90444.0,8.902755740513626,1.960564869175911
strong,dc,solver_only,hspice_alter,2,2,21,1000,3,127.55589685798623,250.81,120204.0,7.839700277544561,1.9662752266109513
strong,dc,solver_only,hspice_alter,2,2,101,1000,3,210.50282150390558,416.9,120168.0,4.75053014898162,1.9804960191104375
strong,dc,solver_only,hspice_alter,4,4,5,1000,3,53.370833125081845,208.27,196340.0,18.736825742561734,3.9023186974033326
strong,dc,solver_only,hspice_alter,4,4,21,1000,3,61.04221600899473,239.16,234840.0,16.382105129549153,3.9179442627829757
strong,dc,solver_only,hspice_alter,4,4,101,1000,3,103.04862647992559,406.29,234800.0,9.704156514835306,3.942701750412437
strong,dc,solver_only,hspice_alter,8,8,5,1000,3,27.776135938009247,210.94000000000003,348320.0,36.00212795011513,7.594288869797286
strong,dc,solver_only,hspice_alter,8,8,21,1000,3,31.896865953924134,244.12,467376.0,31.35104249566482,7.653416494041696
strong,dc,solver_only,hspice_alter,8,8,101,1000,3,52.24829639797099,406.97999999999996,467392.0,19.139380016969014,7.789344879306048
strong,dc,solver_only,hspice_alter,16,16,5,1000,3,15.298062623012811,227.53,711936.0,65.36775437797621,14.87312515362093
strong,dc,solver_only,hspice_alter,16,16,21,1000,3,17.397496590972878,261.61,906736.0,57.479534183031525,15.037220937622878
strong,dc,solver_only,hspice_alter,16,16,101,1000,3,28.766334177926183,442.57,767220.0,34.762858340405046,15.384998215713061
strong,dc,solver_only,hspice_alter,32,32,5,1000,3,8.581055504037067,242.92,1390352.0,116.53578042113085,28.308871779901104
strong,dc,solver_only,hspice_alter,32,32,21,1000,3,9.629649796988815,276.69,1526968.0,103.84593636133053,28.733132131816546
strong,dc,solver_only,hspice_alter,32,32,101,1000,3,15.277764214901254,457.84999999999997,1755348.0,65.4546035619953,29.96839024085955
strong,dc,solver_only,hspice_alter,64,64,5,1000,3,5.313427348970436,282.2,2778012.0,188.20244153592625,53.110729001438386
strong,dc,solver_only,hspice_alter,64,64,21,1000,3,5.9249807870946825,317.99,2911596.0,168.77691859830495,53.66937234507499
strong,dc,solver_only,hspice_alter,64,64,101,1000,3,8.891152131836861,502.06,3727364.0,112.47136312281339,56.46737256943969
strong,dc,solver_only,hspice_alter,128,128,5,1000,3,33.07089050801005,357.77,5429100.0,30.23807295899067,10.818275362538092
strong,dc,solver_only,hspice_alter,128,128,21,1000,3,33.07304023008328,388.62,5629884.0,30.236107507600668,11.750356099603772
strong,dc,solver_only,hspice_alter,128,128,101,1000,3,34.71252856799401,572.98,6354604.0,28.808042549859934,16.506432220218745
strong,dc,solver_only,hspice_alter,192,192,5,1000,3,34.22519234800711,434.36,7879308.0,29.218243387264078,12.691236197692026
strong,dc,solver_only,hspice_alter,192,192,21,1000,3,34.57026486797258,465.5,8235276.0,28.926593528256248,13.465329287403282
strong,dc,solver_only,hspice_alter,192,192,101,1000,3,36.47008291515522,656.72,9489228.0,27.419734754275755,18.007088207827977
strong,dc,solver_only,hspice_alter,256,256,5,1000,3,62.76792062900495,487.28000000000003,10392184.0,15.931705080857844,7.76320125180041
strong,dc,solver_only,hspice_alter,256,256,21,1000,3,63.019236786989495,527.52,11707392.0,15.868170593371149,8.370777351415148
strong,dc,solver_only,hspice_alter,256,256,101,1000,3,64.27815740299411,711.6,12106320.0,15.557384349561636,11.07063470314806
strong,dc,solver_only,hspice_independent,1,1,5,1000,3,466.4764233879978,448.89000000000004,56364.0,2.1437310651994883,0.9622994378573984
strong,dc,solver_only,hspice_independent,1,1,21,1000,3,528.8459891160019,511.90000000000003,56364.0,1.8909096799080591,0.9679566651449355
strong,dc,solver_only,hspice_independent,1,1,101,1000,3,862.337177386973,845.3100000000001,56364.0,1.1596392063602876,0.9802546175284148
strong,dc,solver_only,hspice_independent,2,2,5,1000,3,237.55154346500058,448.71000000000004,112728.0,4.2096127241005865,1.8888953254311744
strong,dc,solver_only,hspice_independent,2,2,21,1000,3,268.5614239469869,511.46000000000004,112728.0,3.723542961990686,1.9044432833397564
strong,dc,solver_only,hspice_independent,2,2,101,1000,3,436.0206182501279,845.0500000000001,112728.0,2.293469524476339,1.9380964216587302
strong,dc,solver_only,hspice_independent,4,4,5,1000,3,120.7414282480022,454.85,225456.0,8.282161429679347,3.767141126289651
strong,dc,solver_only,hspice_independent,4,4,21,1000,3,136.09037291794084,517.0400000000001,225456.0,7.348058342106062,3.7992400852025185
strong,dc,solver_only,hspice_independent,4,4,101,1000,3,220.416769413976,852.97,225456.0,4.536859888921831,3.869805379453654
strong,dc,solver_only,hspice_independent,8,8,5,1000,3,65.33355140197091,476.35,445028.0,15.306071360600079,7.291047092621848
strong,dc,solver_only,hspice_independent,8,8,21,1000,3,71.29046344594099,532.32,450924.0,14.027121604536802,7.466917372527031
strong,dc,solver_only,hspice_independent,8,8,101,1000,3,114.64422228885815,872.5600000000001,450916.0,8.722637565462263,7.611024634119752
strong,dc,solver_only,hspice_independent,16,16,5,1000,3,34.517976208007894,500.99,846432.0,28.970412227354394,14.513886821782279
strong,dc,solver_only,hspice_independent,16,16,21,1000,3,38.73093463398982,570.62,901828.0,25.819154880977532,14.7329261581834
strong,dc,solver_only,hspice_independent,16,16,101,1000,3,62.086708502145484,939.5500000000001,901828.0,16.106506917908906,15.132868574721314
strong,dc,solver_only,hspice_independent,32,32,5,1000,3,18.20450625300873,501.20000000000005,1326728.0,54.931454119208865,27.531644804547486
strong,dc,solver_only,hspice_independent,32,32,21,1000,3,20.433049012091942,573.61,1803616.0,48.94032209330171,28.072658155938797
strong,dc,solver_only,hspice_independent,32,32,101,1000,3,32.18998535606079,942.96,1803660.0,31.065562439335444,29.29358275779575
strong,dc,solver_only,hspice_independent,64,64,5,1000,3,10.627871657023206,518.84,2667132.0,94.09221641655513,48.81880556556547
strong,dc,solver_only,hspice_independent,64,64,21,1000,3,11.462855449062772,591.09,3346096.0,87.23829803522142,51.56568558563903
strong,dc,solver_only,hspice_independent,64,64,101,1000,3,19.02017201203853,989.7,3607304.0,52.57576005974421,52.034229731128846
strong,dc,solver_only,hspice_independent,128,128,5,1000,3,8.673726939945482,526.08,5458188.0,115.29069417607069,60.652128392147276
strong,dc,solver_only,hspice_independent,128,128,21,1000,1,8.757805868051946,608.98,6260728.0,114.18385096293946,69.53568155941088
strong,dc,solver_only,hspice_independent,128,128,101,1000,1,216.2147124048788,1390.3400000000001,5313416.0,4.625032167688119,6.430367224023501
strong,dc,solver_only,hspice_independent,192,192,5,1000,3,9.701210942934267,523.57,8001140.0,103.07991506239075,53.96955112921594
strong,dc,solver_only,hspice_independent,192,192,21,1000,2,10.241329565469641,601.355,9661578.0,97.6435719217227,58.718450192987554
strong,dc,solver_only,hspice_independent,192,192,101,1000,1,187.35535512887873,1363.96,7898904.0,5.337450852750465,7.280069465117525
strong,dc,solver_only,hspice_independent,256,256,5,1000,2,9.609360226546414,522.6,11611340.0,104.06520064025096,54.38447385459515
strong,dc,solver_only,hspice_independent,256,256,21,1000,3,10.048652619007044,590.49,12521232.0,99.5158294265739,58.76310211809762
strong,dc,solver_only,ngspice_official_independent,1,1,5,1000,3,94.25539025198668,81.68,11848.0,10.609472809210743,0.8665817390563335
strong,dc,solver_only,ngspice_official_independent,1,1,101,1000,3,94.2837108571548,81.62,11848.0,10.60628597356607,0.8656850611624627
strong,dc,solver_only,ngspice_official_independent,2,2,5,1000,3,47.808674056082964,81.82000000000001,23696.0,20.91670642919168,1.7114049200364634
strong,dc,solver_only,ngspice_official_independent,2,2,101,1000,3,47.5594458070118,81.83,23696.0,21.0263173388906,1.7205835478414178
strong,dc,solver_only,ngspice_official_independent,4,4,5,1000,3,24.777507013990544,83.68,47392.0,40.359185427143785,3.377256636543392
strong,dc,solver_only,ngspice_official_independent,4,4,101,1000,3,24.723535946104676,83.23,47392.0,40.44728885786886,3.3664278516404256
strong,dc,solver_only,ngspice_official_independent,8,8,5,1000,3,12.977661297889426,85.8,94776.0,77.05548611926181,6.611360709032664
strong,dc,solver_only,ngspice_official_independent,8,8,101,1000,3,12.89896904793568,85.1,94776.0,77.52557559319344,6.597426482980762
strong,dc,solver_only,ngspice_official_independent,16,16,5,1000,3,7.271907156915404,92.54,189540.0,137.51550706323647,12.725685023631902
strong,dc,solver_only,ngspice_official_independent,16,16,101,1000,3,7.270401297137141,92.29,189544.0,137.54398954480945,12.693934795090465
strong,dc,solver_only,ngspice_official_independent,32,32,5,1000,3,4.20291146391537,92.88,379052.0,237.93030345407627,22.0989665848146
strong,dc,solver_only,ngspice_official_independent,32,32,101,1000,3,4.201087967958301,93.17999999999999,379052.0,238.03357787958743,22.179968786819956
strong,dc,solver_only,ngspice_official_independent,64,64,5,1000,3,4.0412604650482535,104.7,758064.0,247.44754975550921,25.907758459401816
strong,dc,solver_only,ngspice_official_independent,64,64,101,1000,3,3.906820992939174,104.42,758068.0,255.96258487586383,26.727613112737703
strong,dc,solver_only,ngspice_official_independent,128,128,5,1000,3,4.657096207025461,121.57000000000001,1516096.0,214.72607726923277,26.10424921362063
strong,dc,solver_only,ngspice_official_independent,128,128,101,1000,3,4.616492931032553,120.9,1516080.0,216.61464989535548,26.18871117234848
strong,dc,solver_only,ngspice_official_independent,192,192,5,1000,3,4.670295592979528,110.76,2274084.0,214.1192093929168,23.715843632359462
strong,dc,solver_only,ngspice_official_independent,192,192,101,1000,3,4.84666317794472,111.24,2274068.0,206.3275212832225,22.95187346754567
strong,dc,solver_only,ngspice_official_independent,256,256,5,1000,3,4.429201282095164,105.47,3032052.0,225.77434085970592,23.81241973047318
strong,dc,solver_only,ngspice_official_independent,256,256,101,1000,3,4.547181844012812,102.02,3032064.0,219.9164305066623,22.435874240289685
strong,dc,solver_only,ngspice_optimized_independent,1,1,5,1000,3,94.01382172899321,81.74,11856.0,10.636733850503676,0.8694466249401703
strong,dc,solver_only,ngspice_optimized_independent,1,1,101,1000,3,94.32099142111838,81.76,11856.0,10.602093817433104,0.8668271905133307
strong,dc,solver_only,ngspice_optimized_independent,2,2,5,1000,3,47.73132075602189,81.96000000000001,23712.0,20.95060400929379,1.7171115046017191
strong,dc,solver_only,ngspice_optimized_independent,2,2,101,1000,3,47.561083757085726,81.82000000000001,23712.0,21.025593216239916,1.7203140369527499
strong,dc,solver_only,ngspice_optimized_independent,4,4,5,1000,3,24.80395681608934,83.84,47424.0,40.31614824257958,3.380105868657872
strong,dc,solver_only,ngspice_optimized_independent,4,4,101,1000,3,24.697181164985523,83.39,47424.0,40.49045084617802,3.3764986960627854
strong,dc,solver_only,ngspice_optimized_independent,8,8,5,1000,3,13.270742465974763,88.52,94844.0,75.35373416852363,6.670312548597711
strong,dc,solver_only,ngspice_optimized_independent,8,8,101,1000,3,13.708182726055384,91.67999999999999,94840.0,72.94912972667649,6.687976213341701
strong,dc,solver_only,ngspice_optimized_independent,16,16,5,1000,3,7.197315610945225,92.6,189668.0,138.94069039841227,12.865907930892977
strong,dc,solver_only,ngspice_optimized_independent,16,16,101,1000,3,7.2005660340655595,92.24,189664.0,138.87797088021193,12.810104033990749
strong,dc,solver_only,ngspice_optimized_independent,32,32,5,1000,3,4.234520244062878,92.94,379312.0,236.15426125358042,21.948177040907762
strong,dc,solver_only,ngspice_optimized_independent,32,32,101,1000,3,4.229348913999274,92.81,379312.0,236.4430129398805,21.94427603095031
strong,dc,solver_only,ngspice_optimized_independent,64,64,5,1000,3,4.06996672891546,105.88,758576.0,245.70225424581636,26.014954679547035
strong,dc,solver_only,ngspice_optimized_independent,64,64,101,1000,3,3.9197758010122925,106.3,758576.0,255.11663185984958,27.118897966702008
strong,dc,solver_only,ngspice_optimized_independent,128,128,5,1000,3,4.741175109986216,123.19,1517104.0,210.91817467229288,25.983009937879757
strong,dc,solver_only,ngspice_optimized_independent,128,128,101,1000,3,4.785108393058181,124.33,1517104.0,208.98168188848408,25.982692509195225
strong,dc,solver_only,ngspice_optimized_independent,192,192,5,1000,3,4.759455700055696,107.7,2275616.0,210.10805920271468,22.62863797613237
strong,dc,solver_only,ngspice_optimized_independent,192,192,101,1000,3,4.85906159109436,111.3,2275616.0,205.80105463836682,22.90565738125023
strong,dc,solver_only,ngspice_optimized_independent,256,256,5,1000,3,4.548371298005804,101.8,3034100.0,219.85891970570688,22.38163802604096
strong,dc,solver_only,ngspice_optimized_independent,256,256,101,1000,3,4.520944390213117,99.94,3034080.0,221.19272295513903,22.106000732136597
strong,dc,solver_only,ngspice_optimized_reuse,1,1,5,1000,3,85.96337787609082,85.88000000000001,16704.0,11.63286069844089,0.9990300767821038
strong,dc,solver_only,ngspice_optimized_reuse,1,1,101,1000,3,225.5560159101151,225.47,16700.0,4.433488488280905,0.9996186494526957
strong,dc,solver_only,ngspice_optimized_reuse,2,2,5,1000,3,43.059153181966394,85.74,28772.0,23.223865917056866,1.9912142637284556
strong,dc,solver_only,ngspice_optimized_reuse,2,2,101,1000,3,112.53407800500281,224.32,28772.0,8.886197121155993,1.9933517382177124
strong,dc,solver_only,ngspice_optimized_reuse,4,4,5,1000,3,21.961974614998326,85.98,52900.0,45.53324632827312,3.914948519304923
strong,dc,solver_only,ngspice_optimized_reuse,4,4,101,1000,3,56.794264673953876,225.51999999999998,52896.0,17.60741169448761,3.9708234853408455
strong,dc,solver_only,ngspice_optimized_reuse,8,8,5,1000,3,11.776820352999493,90.79,101140.0,84.91256298609542,7.709211593507604
strong,dc,solver_only,ngspice_optimized_reuse,8,8,101,1000,3,31.211574950022623,246.98,101140.0,32.03939569218295,7.913089948055344
strong,dc,solver_only,ngspice_optimized_reuse,16,16,5,1000,3,6.472697856021114,97.35,197680.0,154.49508415872796,15.040096442852166
strong,dc,solver_only,ngspice_optimized_reuse,16,16,101,1000,3,15.968112136935815,248.7,197688.0,62.62481071177485,15.574790424018405
strong,dc,solver_only,ngspice_optimized_reuse,32,32,5,1000,3,3.808699376997538,105.64,390744.0,262.5568208505647,27.736502554653658
strong,dc,solver_only,ngspice_optimized_reuse,32,32,101,1000,3,8.913520022062585,261.1,390736.0,112.1891236598805,29.292580187594798
strong,dc,solver_only,ngspice_optimized_reuse,64,64,5,1000,3,2.9509935390669852,147.67,780420.0,338.8689221990536,50.04077374113424
strong,dc,solver_only,ngspice_optimized_reuse,64,64,101,1000,3,5.511360862990841,307.35,780480.0,181.44339027318412,55.76662600046314
strong,dc,solver_only,ngspice_optimized_reuse,128,128,5,1000,3,3.5843966820975766,294.0,1560880.0,278.9869784766131,82.02217167212424
strong,dc,solver_only,ngspice_optimized_reuse,128,128,101,1000,3,4.865882956888527,449.99,1560928.0,205.51254702588383,92.47859103617746
strong,dc,solver_only,ngspice_optimized_reuse,192,192,5,1000,3,4.405501663917676,455.76,2341312.0,226.9889053022695,103.45246348056234
strong,dc,solver_only,ngspice_optimized_reuse,192,192,101,1000,3,5.690079074120149,673.33,2341408.0,175.7444821018817,118.33403213366
strong,dc,solver_only,ngspice_optimized_reuse,256,256,5,1000,3,5.492010100977495,817.89,3121752.0,182.08269497210412,148.92361539073423
strong,dc,solver_only,ngspice_optimized_reuse,256,256,101,1000,3,6.700667252065614,1103.43,3121888.0,149.23886866516617,164.6746448512043
strong,tran,end_to_end,hspice_alter,1,1,4,20,1,21.009991271886975,20.88,44044.0,0.9519280489545742,0.9938128831085754
strong,tran,end_to_end,hspice_alter,8,8,4,20,1,4.214846858056262,28.52,352604.0,4.74513088459477,6.7665566414321425
strong,tran,end_to_end,hspice_alter,32,20,4,20,1,2.2849753238260746,42.29,869260.0,8.752829753325747,18.507858513407292
strong,tran,end_to_end,hspice_independent,1,1,4,20,1,38.72973324707709,38.29,42668.0,0.5163991156977408,0.9886461070033247
strong,tran,end_to_end,hspice_independent,8,8,4,20,1,6.04547280119732,39.35,345424.0,3.3082606865816935,6.509002900849482
strong,tran,end_to_end,hspice_independent,32,20,4,20,1,2.4048073270823807,42.23,855104.0,8.31667459374589,17.560658404694447
strong,tran,end_to_end,ngspice_official_independent,1,1,4,20,1,300.6530009279959,300.24,9416.0,0.06652187052272214,0.9986263202871047
strong,tran,end_to_end,ngspice_official_independent,8,8,4,20,1,48.44705714704469,317.56,75324.0,0.41282177242049506,6.55478410249262
strong,tran,end_to_end,ngspice_official_independent,32,20,4,20,1,17.612710492918268,332.27000000000004,188288.0,1.1355435614547582,18.865352958228627
strong,tran,end_to_end,ngspice_optimized_independent,1,1,4,20,1,300.1556036709808,299.78,9424.0,0.06663210599900458,0.9987486368190795
strong,tran,end_to_end,ngspice_optimized_independent,8,8,4,20,1,48.210678916890174,316.43,75384.0,0.41484584845771966,6.563483591373811
strong,tran,end_to_end,ngspice_optimized_independent,32,20,4,20,1,17.702539160847664,331.08,188444.0,1.1297814295608837,18.70240178495087
weak,dc,end_to_end,hspice_alter,1,1,21,1000,1,280.7764720369596,280.33,51760.0,3.561551980282616,0.9984098666326257
weak,dc,end_to_end,hspice_alter,2,2,21,2000,1,284.0467205699533,564.1800000000001,103808.0,7.041095197251017,1.9862225441925396
weak,dc,end_to_end,hspice_alter,4,4,21,4000,1,287.49737616605125,1134.5500000000002,207804.0,13.913170455126869,3.946296884966048
weak,dc,end_to_end,hspice_alter,8,8,21,8000,1,301.2781565489713,2388.43,414728.0,26.55353475219382,7.927657376022785
weak,dc,end_to_end,hspice_alter,16,16,21,16000,1,311.3896170500666,4942.03,830792.0,51.38257386863175,15.870888845999636
weak,dc,end_to_end,hspice_alter,32,32,21,32000,1,589.2441548199859,10030.25,1659608.0,54.30686030271442,17.022230798478166
weak,dc,end_to_end,hspice_alter,64,64,21,64000,1,320.82513811881654,20019.670000000002,3320616.0,199.4856150464675,62.40056535902053
weak,dc,end_to_end,hspice_independent,1,1,21,1000,1,530.384773908183,512.51,43800.0,1.8854236569263092,0.9662984784113027
weak,dc,end_to_end,hspice_independent,2,2,21,2000,1,534.6987819490023,1027.81,87600.0,3.7404237068016233,1.922222445043888
weak,dc,end_to_end,hspice_independent,4,4,21,4000,1,543.9797815820202,2081.4,167040.0,7.353214467580148,3.8262451482053303
weak,dc,end_to_end,hspice_independent,8,8,21,8000,1,586.2840640379582,4485.78,337828.0,13.64526257954378,7.6512057467582375
weak,dc,end_to_end,hspice_independent,16,16,21,16000,1,602.3515444390941,9196.54,690712.0,26.56256159332852,15.267728762219344
weak,dc,end_to_end,hspice_independent,32,32,21,32000,1,610.9711015128996,18454.37,1404600.0,52.3756359683149,30.204980160768482
weak,dc,end_to_end,hspice_independent,64,64,21,64000,1,737.0779475572053,38814.87,2867804.0,86.8293512404031,52.66046844657165
weak,dc,end_to_end,ngspice_official_independent,1,1,21,1000,1,95.17076929914765,82.09,11864.0,10.507427935742829,0.8625547592451288
weak,dc,end_to_end,ngspice_official_independent,2,2,21,2000,1,97.83984985295683,165.53,23728.0,20.441568573600563,1.6918464229940506
weak,dc,end_to_end,ngspice_official_independent,4,4,21,4000,1,102.73086702404544,338.61,47456.0,38.93669075199911,3.2960882138836047
weak,dc,end_to_end,ngspice_official_independent,8,8,21,8000,1,113.04511938802898,731.16,94912.0,70.76820338027939,6.467859947940635
weak,dc,end_to_end,ngspice_official_independent,16,16,21,16000,1,116.70620951708406,1476.05,189824.0,137.0963898682515,12.647570391564539
weak,dc,end_to_end,ngspice_official_independent,32,32,21,32000,1,245.64376940694638,3049.6,379648.0,130.26994365563215,12.414725630381744
weak,dc,end_to_end,ngspice_official_independent,64,64,21,64000,1,249.1256957410369,6645.03,759296.0,256.8984295643562,26.673402678250525
weak,dc,end_to_end,ngspice_optimized_independent,1,1,21,1000,1,97.33349072211422,82.21000000000001,11876.0,10.273955989670466,0.844621921910809
weak,dc,end_to_end,ngspice_optimized_independent,2,2,21,2000,1,97.87317175301723,165.59,23752.0,20.434609037162872,1.6918834552319002
weak,dc,end_to_end,ngspice_optimized_independent,4,4,21,4000,1,102.8247128680814,336.58,47504.0,38.90115409446157,3.2733376112784685
weak,dc,end_to_end,ngspice_optimized_independent,8,8,21,8000,1,112.27859355206601,735.57,95008.0,71.25133782772427,6.551293320742394
weak,dc,end_to_end,ngspice_optimized_independent,16,16,21,16000,1,116.18079230515286,1476.39,190016.0,137.71639599405938,12.707694367604335
weak,dc,end_to_end,ngspice_optimized_independent,32,32,21,32000,1,229.19084355980158,3051.34,380032.0,139.62163366989137,13.31353361507145
weak,dc,end_to_end,ngspice_optimized_independent,64,64,21,64000,1,251.19646660797298,6657.45,760064.0,254.78065382138078,26.502960371611742
weak,dc,end_to_end,ngspice_optimized_reuse,1,1,21,1000,1,111.3816102789715,110.97999999999999,17764.0,8.978142778645003,0.9963942855740224
weak,dc,end_to_end,ngspice_optimized_reuse,2,2,21,2000,1,112.01887627411634,222.74,35528.0,17.85413375426022,1.988414876211961
weak,dc,end_to_end,ngspice_optimized_reuse,4,4,21,4000,1,113.11044770595618,449.29,71048.0,35.36366517086439,3.972135281154415
weak,dc,end_to_end,ngspice_optimized_reuse,8,8,21,8000,1,119.87038527382538,949.6700000000001,142096.0,66.73875270964747,7.922473910721365
weak,dc,end_to_end,ngspice_optimized_reuse,16,16,21,16000,1,125.43463315092959,1967.46,284212.0,127.55647780902706,15.685141739384274
weak,dc,end_to_end,ngspice_optimized_reuse,32,32,21,32000,1,272.4241569021251,4213.89,568376.0,117.46388559622767,15.468121652346495
weak,dc,end_to_end,ngspice_optimized_reuse,64,64,21,64000,1,133.33882666984573,8247.48,1136752.0,479.98022480329394,61.85355163219798
weak,dc,solver_only,hspice_alter,1,1,21,1000,3,278.38901546411216,278.26,66636.0,3.5920957525312724,0.9995365640993518
weak,dc,solver_only,hspice_alter,2,2,21,2000,3,281.4038704209961,560.15,140880.0,7.107222786267605,1.9905554218638994
weak,dc,solver_only,hspice_alter,4,4,21,4000,3,285.10224229097366,1128.41,266784.0,14.030054509068448,3.957913452144482
weak,dc,solver_only,hspice_alter,8,8,21,8000,3,302.962088329019,2402.73,414448.0,26.40594420286654,7.93079428931919
weak,dc,solver_only,hspice_alter,16,16,21,16000,3,310.3529561520554,4920.79,1019168.0,51.55420524546544,15.855463601864617
weak,dc,solver_only,hspice_alter,32,32,21,32000,3,315.1495096748695,9863.39,1658664.0,101.53910768578845,31.29749435490403
weak,dc,solver_only,hspice_alter,64,64,21,64000,3,320.39269845513627,19958.04,3316864.0,199.75486429183326,62.292430808296565
weak,dc,solver_only,hspice_independent,1,1,21,1000,3,528.2014741811436,511.48,56364.0,1.893216980415045,0.9683426211426873
weak,dc,solver_only,hspice_independent,2,2,21,2000,3,536.0519687840715,1030.21,112728.0,3.7309815399738326,1.9218472461482212
weak,dc,solver_only,hspice_independent,4,4,21,4000,3,542.7379466150887,2077.59,225484.0,7.370039307085361,3.827979991001869
weak,dc,solver_only,hspice_independent,8,8,21,8000,3,589.0814072401263,4533.31,454676.0,13.580465962217975,7.695557768897796
weak,dc,solver_only,hspice_independent,16,16,21,16000,3,596.0828537850175,9160.42,905344.0,26.84190611825674,15.367695852737588
weak,dc,solver_only,hspice_independent,32,32,21,32000,3,609.0118196951225,18320.68,1449472.0,52.54413619758566,30.08263453601199
weak,dc,solver_only,hspice_independent,64,64,21,64000,3,665.1116406419314,38593.2,2718692.0,96.22444727960333,58.02514591798729
weak,dc,solver_only,ngspice_official_independent,1,1,21,1000,3,93.66929243993945,81.57000000000001,11848.0,10.675857305543307,0.8708296804131676
weak,dc,solver_only,ngspice_official_independent,2,2,21,2000,3,96.00697652297094,164.14000000000001,23696.0,20.831819440970246,1.7096674215204282
weak,dc,solver_only,ngspice_official_independent,4,4,21,4000,3,99.10356068913825,332.88,47392.0,40.361819214013366,3.3589105949901925
weak,dc,solver_only,ngspice_official_independent,8,8,21,8000,3,107.04563691513613,712.12,94784.0,74.73447989610503,6.65248972795179
weak,dc,solver_only,ngspice_official_independent,16,16,21,16000,3,114.70601130602881,1467.27,189568.0,139.48702267497518,12.791570235019426
weak,dc,solver_only,ngspice_official_independent,32,32,21,32000,3,131.23989266809076,2936.3,379136.0,243.82830059857537,22.373532470237404
weak,dc,solver_only,ngspice_official_independent,64,64,21,64000,3,244.04235898307525,6622.1,758272.0,262.2495548178114,27.135043389984826
weak,dc,solver_only,ngspice_official_independent,128,128,21,128000,3,579.331152661005,15563.0,1516544.0,220.94444500708397,26.8637374816035
weak,dc,solver_only,ngspice_official_independent,192,192,21,192000,3,842.4912720930297,21445.760000000002,2274816.0,227.89553596562237,25.45517171557347
weak,dc,solver_only,ngspice_official_independent,256,256,21,256000,3,1104.2875913048629,27603.14,3033088.0,231.8236680514556,24.996332673976
weak,dc,solver_only,ngspice_optimized_independent,1,1,21,1000,3,93.88084542192519,81.54,11856.0,10.651800114344276,0.8685477813236323
weak,dc,solver_only,ngspice_optimized_independent,2,2,21,2000,3,96.14475294202566,164.11,23712.0,20.80196722962074,1.70690542102653
weak,dc,solver_only,ngspice_optimized_independent,4,4,21,4000,3,97.89993271208368,331.65,47424.0,40.85804646836375,3.3876427778082094
weak,dc,solver_only,ngspice_optimized_independent,8,8,21,8000,3,105.09605489904061,687.74,94848.0,76.12084019409781,6.543918329386103
weak,dc,solver_only,ngspice_optimized_independent,16,16,21,16000,3,115.07165580592118,1465.24,189696.0,139.04379743162343,12.733283359294495
weak,dc,solver_only,ngspice_optimized_independent,32,32,21,32000,3,131.72911255713552,2935.15,379392.0,242.92276307654075,22.281710876378394
weak,dc,solver_only,ngspice_optimized_independent,64,64,21,64000,3,246.02791283885017,6635.25,758784.0,260.1330851508723,26.96950083198946
weak,dc,solver_only,ngspice_optimized_independent,128,128,21,128000,3,580.1297423010692,15562.24,1517568.0,220.64029934457662,26.825447594313626
weak,dc,solver_only,ngspice_optimized_independent,192,192,21,192000,3,841.058972494211,21502.260000000002,2276352.0,228.28363560596998,25.56569836742096
weak,dc,solver_only,ngspice_optimized_independent,256,256,21,256000,3,1104.5612713729497,27598.19,3035136.0,231.76622848798294,24.985657849198304
weak,dc,solver_only,ngspice_optimized_reuse,1,1,21,1000,3,110.98115515406244,110.9,16704.0,9.010538758691188,0.9992687483388529
weak,dc,solver_only,ngspice_optimized_reuse,2,2,21,2000,3,111.57440335000865,222.84,33408.0,17.92525830253382,1.9972322800683184
weak,dc,solver_only,ngspice_optimized_reuse,4,4,21,4000,3,113.53313016984612,452.16999999999996,66832.0,35.23200667519675,3.9827141145809284
weak,dc,solver_only,ngspice_optimized_reuse,8,8,21,8000,3,119.87221788405441,951.11,133688.0,66.73773240550155,7.934365583524572
weak,dc,solver_only,ngspice_optimized_reuse,16,16,21,16000,3,125.90353512996808,1972.43,267332.0,127.08141978287958,15.666200301396575
weak,dc,solver_only,ngspice_optimized_reuse,32,32,21,32000,3,125.51258957013488,3945.2,534728.0,254.9545038437662,31.43270339263832
weak,dc,solver_only,ngspice_optimized_reuse,64,64,21,64000,3,133.12705375999212,8287.72,1069404.0,480.7437571283016,62.25421329417761
weak,dc,solver_only,ngspice_optimized_reuse,128,128,21,128000,3,141.6900257440284,16732.02,2138804.0,903.3804555250753,118.08890507386461
weak,dc,solver_only,ngspice_optimized_reuse,192,192,21,192000,3,268.5969783940818,41155.66,3208152.0,714.825614003372,153.22458296465638
weak,dc,solver_only,ngspice_optimized_reuse,256,256,21,256000,3,277.9467413958628,64783.17,4277544.0,921.0397600430748,233.07763809230357
